"file","caption","alt_text","category","png_time","StartTime"
"bio1_sizeatage.png","Length at age in the beginning of the year (or season) in the ending year of the model. Shaded area indicates 95% distribution of length at age around estimated growth curve.",NA,"Bio",2023-04-14 14:44:55,"StartTime: Fri Apr 14 14:26:25 2023"
"bio2_sizeatage_plus_CV_and_SD.png","Length at age (top-left panel) with CV (thick line) and SD (thin line) of length at age shown in top-right and lower-left panels",NA,"Bio",2023-04-14 14:44:55,"StartTime: Fri Apr 14 14:26:25 2023"
"bio3_sizeatage_plus_WT_and_MAT.png","Length at age (top-left panel) with weight (thick line) and maturity (thin line) shown in top-right and lower-left panels",NA,"Bio",2023-04-14 14:44:55,"StartTime: Fri Apr 14 14:26:25 2023"
"bio1B_len_at_age_matrix_1.png","Distribution of length at age for seas: 1 sub_seas: 1 morph: 1",NA,"Bio",2023-04-14 14:44:55,"StartTime: Fri Apr 14 14:26:25 2023"
"bio1B_len_at_age_matrix_2.png","Distribution of length at age for seas: 1 sub_seas: 1 morph: 2",NA,"Bio",2023-04-14 14:44:55,"StartTime: Fri Apr 14 14:26:25 2023"
"bio1B_len_at_age_matrix_3.png","Distribution of length at age for seas: 1 sub_seas: 2 morph: 1",NA,"Bio",2023-04-14 14:44:55,"StartTime: Fri Apr 14 14:26:25 2023"
"bio1B_len_at_age_matrix_4.png","Distribution of length at age for seas: 1 sub_seas: 2 morph: 2",NA,"Bio",2023-04-14 14:44:55,"StartTime: Fri Apr 14 14:26:25 2023"
"bio5_weightatsize.png","Weight-length relationship",NA,"Bio",2023-04-14 14:44:55,"StartTime: Fri Apr 14 14:26:25 2023"
"bio6_maturity.png","Maturity at length",NA,"Bio",2023-04-14 14:44:55,"StartTime: Fri Apr 14 14:26:25 2023"
"bio8_fecundity_wt.png","Fecundity as a function of weight",NA,"Bio",2023-04-14 14:44:55,"StartTime: Fri Apr 14 14:26:25 2023"
"bio9_fecundity_len.png","Fecundity as a function of length",NA,"Bio",2023-04-14 14:44:55,"StartTime: Fri Apr 14 14:26:25 2023"
"bio10_spawningoutput_len.png","Spawning output at length. This is the product of maturity and fecundity unless maturity is age-based, in which case only fecundity is represented.",NA,"Bio",2023-04-14 14:44:55,"StartTime: Fri Apr 14 14:26:25 2023"
"bio11_spawningoutput_age.png","Spawning output at age. This is the product of maturity and fecundity. When these processes are length-based they are converted into the age dimension using the matrix of length at age.",NA,"Bio",2023-04-14 14:44:55,"StartTime: Fri Apr 14 14:26:25 2023"
"sel01_multiple_fleets_length1.png","Selectivity at length for multiple fleets.",NA,"Sel",2023-04-14 14:44:55,"StartTime: Fri Apr 14 14:26:25 2023"
"sel02_multiple_fleets_age1.png","Selectivity at age for multiple fleets.",NA,"Sel",2023-04-14 14:44:55,"StartTime: Fri Apr 14 14:26:25 2023"
"sel02_multiple_fleets_age2.png","Selectivity at age derived from selectivity at length for multiple fleets.",NA,"Sel",2023-04-14 14:44:55,"StartTime: Fri Apr 14 14:26:25 2023"
"sel05_timevary_ret_surf_flt1sex1.png","Surface plot of Female time-varying retention for Trawl_N",NA,"Sel",2023-04-14 14:44:55,"StartTime: Fri Apr 14 14:26:25 2023"
"sel06_timevary_ret_contour_flt1sex1.png","Countour plot of Female time-varying retention for Trawl_N",NA,"Sel",2023-04-14 14:44:55,"StartTime: Fri Apr 14 14:26:25 2023"
"sel09_len_flt1sex1.png","Female ending year selectivity for Trawl_N",NA,"Sel",2023-04-14 14:44:55,"StartTime: Fri Apr 14 14:26:25 2023"
"sel05_timevary_ret_surf_flt1sex2.png","Surface plot of Male time-varying retention for Trawl_N",NA,"Sel",2023-04-14 14:44:55,"StartTime: Fri Apr 14 14:26:25 2023"
"sel06_timevary_ret_contour_flt1sex2.png","Countour plot of Male time-varying retention for Trawl_N",NA,"Sel",2023-04-14 14:44:55,"StartTime: Fri Apr 14 14:26:25 2023"
"sel09_len_flt1sex2.png","Male ending year selectivity for Trawl_N",NA,"Sel",2023-04-14 14:44:55,"StartTime: Fri Apr 14 14:26:25 2023"
"sel05_timevary_ret_surf_flt2sex1.png","Surface plot of Female time-varying retention for Trawl_S",NA,"Sel",2023-04-14 14:44:55,"StartTime: Fri Apr 14 14:26:25 2023"
"sel06_timevary_ret_contour_flt2sex1.png","Countour plot of Female time-varying retention for Trawl_S",NA,"Sel",2023-04-14 14:44:55,"StartTime: Fri Apr 14 14:26:25 2023"
"sel09_len_flt2sex1.png","Female ending year selectivity for Trawl_S",NA,"Sel",2023-04-14 14:44:55,"StartTime: Fri Apr 14 14:26:25 2023"
"sel05_timevary_ret_surf_flt2sex2.png","Surface plot of Male time-varying retention for Trawl_S",NA,"Sel",2023-04-14 14:44:55,"StartTime: Fri Apr 14 14:26:25 2023"
"sel06_timevary_ret_contour_flt2sex2.png","Countour plot of Male time-varying retention for Trawl_S",NA,"Sel",2023-04-14 14:44:55,"StartTime: Fri Apr 14 14:26:25 2023"
"sel09_len_flt2sex2.png","Male ending year selectivity for Trawl_S",NA,"Sel",2023-04-14 14:44:55,"StartTime: Fri Apr 14 14:26:25 2023"
"sel09_len_flt3sex1.png","Female ending year selectivity for Non-trawl",NA,"Sel",2023-04-14 14:44:55,"StartTime: Fri Apr 14 14:26:25 2023"
"sel09_len_flt3sex2.png","Male ending year selectivity for Non-trawl",NA,"Sel",2023-04-14 14:44:55,"StartTime: Fri Apr 14 14:26:25 2023"
"sel09_len_flt4sex1.png","Female ending year selectivity for Triennial1",NA,"Sel",2023-04-14 14:44:55,"StartTime: Fri Apr 14 14:26:25 2023"
"sel09_len_flt4sex2.png","Male ending year selectivity for Triennial1",NA,"Sel",2023-04-14 14:44:55,"StartTime: Fri Apr 14 14:26:25 2023"
"sel09_len_flt5sex1.png","Female ending year selectivity for Triennial2",NA,"Sel",2023-04-14 14:44:55,"StartTime: Fri Apr 14 14:26:25 2023"
"sel09_len_flt5sex2.png","Male ending year selectivity for Triennial2",NA,"Sel",2023-04-14 14:44:55,"StartTime: Fri Apr 14 14:26:25 2023"
"sel09_len_flt6sex1.png","Female ending year selectivity for NWFSCcombo",NA,"Sel",2023-04-14 14:44:55,"StartTime: Fri Apr 14 14:26:25 2023"
"sel09_len_flt6sex2.png","Male ending year selectivity for NWFSCcombo",NA,"Sel",2023-04-14 14:44:55,"StartTime: Fri Apr 14 14:26:25 2023"
"sel21_agelen_contour_flt1sex1.png","Female ending year selectivity and growth for Trawl_N",NA,"Sel",2023-04-14 14:44:55,"StartTime: Fri Apr 14 14:26:25 2023"
"sel21_agelen_contour_flt1sex2.png","Male ending year selectivity and growth for Trawl_N",NA,"Sel",2023-04-14 14:44:55,"StartTime: Fri Apr 14 14:26:25 2023"
"sel21_agelen_contour_flt2sex1.png","Female ending year selectivity and growth for Trawl_S",NA,"Sel",2023-04-14 14:44:55,"StartTime: Fri Apr 14 14:26:25 2023"
"sel21_agelen_contour_flt2sex2.png","Male ending year selectivity and growth for Trawl_S",NA,"Sel",2023-04-14 14:44:55,"StartTime: Fri Apr 14 14:26:25 2023"
"sel21_agelen_contour_flt3sex1.png","Female ending year selectivity and growth for Non-trawl",NA,"Sel",2023-04-14 14:44:55,"StartTime: Fri Apr 14 14:26:25 2023"
"sel21_agelen_contour_flt3sex2.png","Male ending year selectivity and growth for Non-trawl",NA,"Sel",2023-04-14 14:44:55,"StartTime: Fri Apr 14 14:26:25 2023"
"sel21_agelen_contour_flt4sex1.png","Female ending year selectivity and growth for Triennial1",NA,"Sel",2023-04-14 14:44:55,"StartTime: Fri Apr 14 14:26:25 2023"
"sel21_agelen_contour_flt4sex2.png","Male ending year selectivity and growth for Triennial1",NA,"Sel",2023-04-14 14:44:55,"StartTime: Fri Apr 14 14:26:25 2023"
"sel21_agelen_contour_flt5sex1.png","Female ending year selectivity and growth for Triennial2",NA,"Sel",2023-04-14 14:44:55,"StartTime: Fri Apr 14 14:26:25 2023"
"sel21_agelen_contour_flt5sex2.png","Male ending year selectivity and growth for Triennial2",NA,"Sel",2023-04-14 14:44:55,"StartTime: Fri Apr 14 14:26:25 2023"
"sel21_agelen_contour_flt6sex1.png","Female ending year selectivity and growth for NWFSCcombo",NA,"Sel",2023-04-14 14:44:55,"StartTime: Fri Apr 14 14:26:25 2023"
"sel21_agelen_contour_flt6sex2.png","Male ending year selectivity and growth for NWFSCcombo",NA,"Sel",2023-04-14 14:44:55,"StartTime: Fri Apr 14 14:26:25 2023"
"ts7_Spawning_output.png","Spawning output",NA,"Timeseries",2023-04-14 14:44:55,"StartTime: Fri Apr 14 14:26:25 2023"
"ts7_Spawning_output_with_95_asymptotic_intervals_intervals.png","Spawning output with ~95% asymptotic intervals",NA,"Timeseries",2023-04-14 14:44:55,"StartTime: Fri Apr 14 14:26:25 2023"
"ts9_Relative_spawning_output.png","Relative spawning output: B/B_0",NA,"Timeseries",2023-04-14 14:44:55,"StartTime: Fri Apr 14 14:26:25 2023"
"ts9_Relative_spawning_output_intervals.png","Relative spawning output: B/B_0 with ~95% asymptotic intervals",NA,"Timeseries",2023-04-14 14:44:55,"StartTime: Fri Apr 14 14:26:25 2023"
"ts1_Total_biomass_(mt).png","Total biomass (mt)",NA,"Timeseries",2023-04-14 14:44:55,"StartTime: Fri Apr 14 14:26:25 2023"
"ts4_Summary_biomass_(mt).png","Summary biomass (mt)",NA,"Timeseries",2023-04-14 14:44:55,"StartTime: Fri Apr 14 14:26:25 2023"
"ts11_Age-0_recruits_(1000s).png","Age-0 recruits (1,000s)",NA,"Timeseries",2023-04-14 14:44:55,"StartTime: Fri Apr 14 14:26:25 2023"
"ts11_Age-0_recruits_(1000s)_with_95_asymptotic_intervals.png","Age-0 recruits (1,000s) with ~95% asymptotic intervals",NA,"Timeseries",2023-04-14 14:44:55,"StartTime: Fri Apr 14 14:26:25 2023"
"ts_summaryF.png","Summary F (definition of F depends on setting in starter.ss)",NA,"Timeseries",2023-04-14 14:44:55,"StartTime: Fri Apr 14 14:26:25 2023"
"ts_DynamicB0.png","Dynamic B0 plot. The lower line shows the time series of estimated Spawning output in the presence of fishing mortality. The upper line shows the time series that could occur under the same dynamics (including deviations in recruitment), but without fishing. The point at the left represents the unfished equilibrium.",NA,"Timeseries",2023-04-14 14:44:55,"StartTime: Fri Apr 14 14:26:25 2023"
"recdevs1_points.png","Recruitment deviations",NA,"RecDev",2023-04-14 14:44:55,"StartTime: Fri Apr 14 14:26:25 2023"
"recdevs2_withbars.png","Recruitment deviations with 95% intervals",NA,"RecDev",2023-04-14 14:44:55,"StartTime: Fri Apr 14 14:26:25 2023"
"recdevs3_varcheck.png","Recruitment deviations variance check.<br> See later figure of transformed variance values for comparison with bias adjustment settings in the model.",NA,"RecDev",2023-04-14 14:44:55,"StartTime: Fri Apr 14 14:26:25 2023"
"recruit_fit_bias_adjust.png","Points are transformed variances. Red line shows current settings for bias adjustment specified in control file. Blue line shows least squares estimate of alternative bias adjustment relationship for recruitment deviations (which may or may not be an improvement. For more information, see<br> 
<blockquote>Methot, R.D. and Taylor, I.G., 2011. Adjusting for bias due to variability of estimated recruitments in fishery assessment models. <i>Can. J. Fish. Aquat. Sci.</i>, 68:1744-1760.</blockquote><br> 
Estimated alternative inputs to SS control file associated with blue line in figure: 
<pre>1942.5   #_last_early_yr_nobias_adj_in_MPD 
1957.7   #_first_yr_fullbias_adj_in_MPD 
2020.8   #_last_yr_fullbias_adj_in_MPD 
2022.0   #_first_recent_yr_nobias_adj_in_MPD 
0.5314  #_max_bias_adj_in_MPD (1.0 to mimic pre-2009 models) </pre>",NA,"RecDev",2023-04-14 14:44:55,"StartTime: Fri Apr 14 14:26:25 2023"
"SR_curve.png","Stock-recruit curve.  Point colors indicate year, with warmer colors indicating earlier years and cooler colors in showing later years.",NA,"S-R",2023-04-14 14:44:55,"StartTime: Fri Apr 14 14:26:25 2023"
"SR_curve2.png","Stock-recruit curve with labels on first, last, and years with (log) deviations > 0.5. Point colors indicate year, with warmer colors indicating earlier years and cooler colors in showing later years.",NA,"S-R",2023-04-14 14:44:55,"StartTime: Fri Apr 14 14:26:25 2023"
"SR_resids.png","Deviations around the stock-recruit curve. Labels are on first, last, and years with (log) deviations > 0.5. Point colors indicate year, with warmer colors indicating earlier years and cooler colors in showing later years.",NA,"S-R",2023-04-14 14:44:55,"StartTime: Fri Apr 14 14:26:25 2023"
"catch1 landings.png","landings",NA,"Catch",2023-04-14 14:44:55,"StartTime: Fri Apr 14 14:26:25 2023"
"catch2 landings stacked.png","landings stacked",NA,"Catch",2023-04-14 14:44:55,"StartTime: Fri Apr 14 14:26:25 2023"
"catch4 total catch (including discards).png","total catch (including discards)",NA,"Catch",2023-04-14 14:44:55,"StartTime: Fri Apr 14 14:26:25 2023"
"catch5 total catch (including discards) stacked.png","total catch (including discards) stacked",NA,"Catch",2023-04-14 14:44:55,"StartTime: Fri Apr 14 14:26:25 2023"
"catch6 discards.png","discards",NA,"Catch",2023-04-14 14:44:55,"StartTime: Fri Apr 14 14:26:25 2023"
"catch7 discards stacked plot (depends on multiple fleets).png","discards stacked plot (depends on multiple fleets)",NA,"Catch",2023-04-14 14:44:55,"StartTime: Fri Apr 14 14:26:25 2023"
"catch8 discard fraction.png","discard fraction",NA,"Catch",2023-04-14 14:44:55,"StartTime: Fri Apr 14 14:26:25 2023"
"catch9 harvest rate.png","harvest rate",NA,"Catch",2023-04-14 14:44:55,"StartTime: Fri Apr 14 14:26:25 2023"
"catch16 landings + dead discards.png"," landings + dead discards",NA,"Catch",2023-04-14 14:44:55,"StartTime: Fri Apr 14 14:26:25 2023"
"SPR1_series.png","Timeseries of SPR. Horizontal line is at SPR target: 0.5",NA,"SPR",2023-04-14 14:44:55,"StartTime: Fri Apr 14 14:26:25 2023"
"SPR2_minusSPRseries.png","Timeseries of 1-SPR. Horizontal line is at 1 - SPR target: 1 - 0.5 = 0.5",NA,"SPR",2023-04-14 14:44:55,"StartTime: Fri Apr 14 14:26:25 2023"
"SPR3_ratiointerval.png","Timeseries of SPR ratio: (1-SPR)/(1-SPR_50%)",NA,"SPR",2023-04-14 14:44:55,"StartTime: Fri Apr 14 14:26:25 2023"
"SPR4_phase.png","Phase plot of biomass ratio vs. SPR ratio.<br> Each point represents the biomass ratio at the start of the year and the relative fishing intensity in that same year. Warmer colors (red) represent early years and colder colors (blue) represent recent years. Lines through the final point show 95% intervals based on the asymptotic uncertainty for each dimension. The shaded ellipse is a 95% region which accounts for the estimated correlation between the two quantities: -0.958. The vertical line at 0.4 indicates the reference point as defined in the forecast.ss which can be removed from the plot via <code>SS_plots(..., btarg = -1)</code>. ",NA,"SPR",2023-04-14 14:44:55,"StartTime: Fri Apr 14 14:26:25 2023"
"discard_dataTrawl_N.png","Discard fraction for Trawl_N",NA,"Discard",2023-04-14 14:44:55,"StartTime: Fri Apr 14 14:26:25 2023"
"discard_fitTrawl_N.png","Discard fraction for Trawl_N",NA,"Discard",2023-04-14 14:44:55,"StartTime: Fri Apr 14 14:26:25 2023"
"discard_dataTrawl_S.png","Discard fraction for Trawl_S",NA,"Discard",2023-04-14 14:44:55,"StartTime: Fri Apr 14 14:26:25 2023"
"discard_fitTrawl_S.png","Discard fraction for Trawl_S",NA,"Discard",2023-04-14 14:44:55,"StartTime: Fri Apr 14 14:26:25 2023"
"discard_dataNon-trawl.png","Discard fraction for Non-trawl",NA,"Discard",2023-04-14 14:44:55,"StartTime: Fri Apr 14 14:26:25 2023"
"discard_fitNon-trawl.png","Discard fraction for Non-trawl",NA,"Discard",2023-04-14 14:44:55,"StartTime: Fri Apr 14 14:26:25 2023"
"bodywt_data_fltTrawl_N.png","Mean weight in discard for Trawl_N",NA,"Mnwt",2023-04-14 14:44:55,"StartTime: Fri Apr 14 14:26:25 2023"
"bodywt_fit_fltTrawl_N.png","Mean weight in discard for Trawl_N",NA,"Mnwt",2023-04-14 14:44:55,"StartTime: Fri Apr 14 14:26:25 2023"
"bodywt_data_fltTrawl_S.png","Mean weight in discard for Trawl_S",NA,"Mnwt",2023-04-14 14:44:55,"StartTime: Fri Apr 14 14:26:25 2023"
"bodywt_fit_fltTrawl_S.png","Mean weight in discard for Trawl_S",NA,"Mnwt",2023-04-14 14:44:55,"StartTime: Fri Apr 14 14:26:25 2023"
"bodywt_data_fltNon-trawl.png","Mean weight in discard for Non-trawl",NA,"Mnwt",2023-04-14 14:44:55,"StartTime: Fri Apr 14 14:26:25 2023"
"bodywt_fit_fltNon-trawl.png","Mean weight in discard for Non-trawl",NA,"Mnwt",2023-04-14 14:44:55,"StartTime: Fri Apr 14 14:26:25 2023"
"index1_cpuedata_Triennial1.png","Index data for Triennial1. Lines indicate 95% uncertainty interval around index values based on the model assumption of lognormal error. Thicker lines (if present) indicate input uncertainty before addition of estimated additional uncertainty parameter.",NA,"Index",2023-04-14 14:44:55,"StartTime: Fri Apr 14 14:26:25 2023"
"index2_cpuefit_Triennial1.png","Fit to index data for Triennial1. Lines indicate 95% uncertainty interval around index values based on the model assumption of lognormal error. Thicker lines (if present) indicate input uncertainty before addition of estimated additional uncertainty parameter.",NA,"Index",2023-04-14 14:44:55,"StartTime: Fri Apr 14 14:26:25 2023"
"index3_obs_vs_exp_Triennial1.png","Observed vs. expected index values with smoother for Triennial1",NA,"Index",2023-04-14 14:44:55,"StartTime: Fri Apr 14 14:26:25 2023"
"index4_logcpuedata_Triennial1.png","Log index data for Triennial1. Lines indicate 95% uncertainty interval around index values based on the model assumption of lognormal error. Thicker lines (if present) indicate input uncertainty before addition of estimated additional uncertainty parameter.",NA,"Index",2023-04-14 14:44:55,"StartTime: Fri Apr 14 14:26:25 2023"
"index5_logcpuefit_Triennial1.png","Fit to log index data on log scale for Triennial1. Lines indicate 95% uncertainty interval around index values based on the model assumption of lognormal error. Thicker lines (if present) indicate input uncertainty before addition of estimated additional uncertainty parameter.",NA,"Index",2023-04-14 14:44:55,"StartTime: Fri Apr 14 14:26:25 2023"
"index6_log_obs_vs_exp_Triennial1.png","log(observed) vs. log(expected) index values with smoother for Triennial1",NA,"Index",2023-04-14 14:44:55,"StartTime: Fri Apr 14 14:26:25 2023"
"index10_resids_SE_total_Triennial1.png","Residuals of fit to index for Triennial1.<br>Values are (log(Obs) - log(Exp))/SE where SE is the total standard error including any estimated additional uncertainty.",NA,"Index",2023-04-14 14:44:55,"StartTime: Fri Apr 14 14:26:25 2023"
"index12_resids_SE_total_Triennial1.png","Deviations for fit to index for Triennial1.<br>Values are log(Obs) - log(Exp) and thus independent of index uncertainty.",NA,"Index",2023-04-14 14:44:55,"StartTime: Fri Apr 14 14:26:25 2023"
"index1_cpuedata_NWFSCcombo.png","Index data for NWFSCcombo. Lines indicate 95% uncertainty interval around index values based on the model assumption of lognormal error. Thicker lines (if present) indicate input uncertainty before addition of estimated additional uncertainty parameter.",NA,"Index",2023-04-14 14:44:55,"StartTime: Fri Apr 14 14:26:25 2023"
"index2_cpuefit_NWFSCcombo.png","Fit to index data for NWFSCcombo. Lines indicate 95% uncertainty interval around index values based on the model assumption of lognormal error. Thicker lines (if present) indicate input uncertainty before addition of estimated additional uncertainty parameter.",NA,"Index",2023-04-14 14:44:55,"StartTime: Fri Apr 14 14:26:25 2023"
"index3_obs_vs_exp_NWFSCcombo.png","Observed vs. expected index values with smoother for NWFSCcombo",NA,"Index",2023-04-14 14:44:55,"StartTime: Fri Apr 14 14:26:25 2023"
"index4_logcpuedata_NWFSCcombo.png","Log index data for NWFSCcombo. Lines indicate 95% uncertainty interval around index values based on the model assumption of lognormal error. Thicker lines (if present) indicate input uncertainty before addition of estimated additional uncertainty parameter.",NA,"Index",2023-04-14 14:44:55,"StartTime: Fri Apr 14 14:26:25 2023"
"index5_logcpuefit_NWFSCcombo.png","Fit to log index data on log scale for NWFSCcombo. Lines indicate 95% uncertainty interval around index values based on the model assumption of lognormal error. Thicker lines (if present) indicate input uncertainty before addition of estimated additional uncertainty parameter.",NA,"Index",2023-04-14 14:44:55,"StartTime: Fri Apr 14 14:26:25 2023"
"index6_log_obs_vs_exp_NWFSCcombo.png","log(observed) vs. log(expected) index values with smoother for NWFSCcombo",NA,"Index",2023-04-14 14:44:55,"StartTime: Fri Apr 14 14:26:25 2023"
"index10_resids_SE_total_NWFSCcombo.png","Residuals of fit to index for NWFSCcombo.<br>Values are (log(Obs) - log(Exp))/SE where SE is the total standard error including any estimated additional uncertainty.",NA,"Index",2023-04-14 14:44:55,"StartTime: Fri Apr 14 14:26:25 2023"
"index12_resids_SE_total_NWFSCcombo.png","Deviations for fit to index for NWFSCcombo.<br>Values are log(Obs) - log(Exp) and thus independent of index uncertainty.",NA,"Index",2023-04-14 14:44:55,"StartTime: Fri Apr 14 14:26:25 2023"
"index9_standcpueall.png","Standardized indices overlaid. Each index is rescaled to have mean observation = 1.0.",NA,"Index",2023-04-14 14:44:55,"StartTime: Fri Apr 14 14:26:25 2023"
"numbers1_sex1_beg.png","Beginning of year expected numbers at age of females in (max ~ 153.3 million)",NA,"Numbers",2023-04-14 14:44:55,"StartTime: Fri Apr 14 14:26:25 2023"
"numbers1_sex2_beg.png","Beginning of year expected numbers at age of males in (max ~ 153.3 million)",NA,"Numbers",2023-04-14 14:44:55,"StartTime: Fri Apr 14 14:26:25 2023"
"numbers2_meanage_beg.png","Beginning of year mean age in the population",NA,"Numbers",2023-04-14 14:44:55,"StartTime: Fri Apr 14 14:26:25 2023"
"numbers1_sex1_mid.png","Middle of year expected numbers at age of females in (max ~ 149.2 million)",NA,"Numbers",2023-04-14 14:44:55,"StartTime: Fri Apr 14 14:26:25 2023"
"numbers1_sex2_mid.png","Middle of year expected numbers at age of males in (max ~ 149.2 million)",NA,"Numbers",2023-04-14 14:44:55,"StartTime: Fri Apr 14 14:26:25 2023"
"numbers2_meanage_mid.png","Middle of year mean age in the population",NA,"Numbers",2023-04-14 14:44:55,"StartTime: Fri Apr 14 14:26:25 2023"
"numbers3_frac_female_age.png","Fraction female in numbers at age",NA,"Numbers",2023-04-14 14:44:55,"StartTime: Fri Apr 14 14:26:25 2023"
"numbers6_len_sex1.png","Beginning of year expected numbers at length of females in (max ~ 184.8 million)",NA,"Numbers",2023-04-14 14:44:55,"StartTime: Fri Apr 14 14:26:25 2023"
"numbers6_len_sex2.png","Beginning of year expected numbers at length of males in (max ~ 210.8 million)",NA,"Numbers",2023-04-14 14:44:55,"StartTime: Fri Apr 14 14:26:25 2023"
"numbers7_meanlen.png","Beginning of year mean length (cm) in the population",NA,"Numbers",2023-04-14 14:44:55,"StartTime: Fri Apr 14 14:26:25 2023"
"numbers6_len_sex1.png","Middle of year expected numbers at length of females in (max ~ 185.2 million)",NA,"Numbers",2023-04-14 14:44:55,"StartTime: Fri Apr 14 14:26:25 2023"
"numbers6_len_sex2.png","Middle of year expected numbers at length of males in (max ~ 173.4 million)",NA,"Numbers",2023-04-14 14:44:55,"StartTime: Fri Apr 14 14:26:25 2023"
"numbers7_meanlen.png","Middle of year mean length (cm) in the population",NA,"Numbers",2023-04-14 14:44:55,"StartTime: Fri Apr 14 14:26:25 2023"
"numbers8_frac_female_len.png","Fraction female in numbers at length",NA,"Numbers",2023-04-14 14:44:55,"StartTime: Fri Apr 14 14:26:25 2023"
"numbers4_equilagecomp.png","Equilibrium age distribution",NA,"Numbers",2023-04-14 14:44:55,"StartTime: Fri Apr 14 14:26:25 2023"
"comp_lendat__aggregated_across_time.png","Length comp data, aggregated across time by fleet.
 <br> Labels 'retained' and 'discard' indicate discarded or retained sampled for each fleet. Panels without this designation represent the whole catch.
",NA,"CompDat",2023-04-14 14:44:55,"StartTime: Fri Apr 14 14:26:25 2023"
"comp_lendat__page1_multi-fleet_comparison.png","Length comp data,  comparing across fleets (plot 1 of 2)",NA,"CompDat",2023-04-14 14:44:55,"StartTime: Fri Apr 14 14:26:25 2023"
"comp_lendat__page2_multi-fleet_comparison.png","Length comp data,  comparing across fleets (plot 2 of 2)",NA,"CompDat",2023-04-14 14:44:55,"StartTime: Fri Apr 14 14:26:25 2023"
"comp_lendat_flt1mkt2_page1.png","Length comp data, retained, Trawl_N (plot 1 of 2).<br><br>'N adj.' is the input sample size after data-weighting adjustment. N eff. is the calculated effective sample size used in the McAllister-Ianelli tuning method.",NA,"CompDat",2023-04-14 14:44:55,"StartTime: Fri Apr 14 14:26:25 2023"
"comp_lendat_flt1mkt2_page2.png","Length comp data, retained, Trawl_N (plot 1 of 2).<br><br>'N adj.' is the input sample size after data-weighting adjustment. N eff. is the calculated effective sample size used in the McAllister-Ianelli tuning method. (plot 2 of 2)",NA,"CompDat",2023-04-14 14:44:55,"StartTime: Fri Apr 14 14:26:25 2023"
"comp_lendat_bubflt1mkt2_page2.png","Length comp data, retained, Trawl_N (max=0.32) (plot 2 of 2)",NA,"CompDat",2023-04-14 14:44:55,"StartTime: Fri Apr 14 14:26:25 2023"
"comp_lendat_data_weighting_TA1.8_Trawl_N.png","WARNING: this figure is based on multinomial likelihood and has not been updated to account for Dirichlet-Multinomial likelihood and the sample size adjustment associated with the estimated log(<i>&#920</i>) parameters.<br><br> Mean length for Trawl_N with 95% confidence intervals based on current samples sizes.",NA,"CompDat",2023-04-14 14:44:55,"StartTime: Fri Apr 14 14:26:25 2023"
"comp_lendat_flt1mkt1.png","Length comp data, discard, Trawl_N.<br><br>'N adj.' is the input sample size after data-weighting adjustment. N eff. is the calculated effective sample size used in the McAllister-Ianelli tuning method.",NA,"CompDat",2023-04-14 14:44:55,"StartTime: Fri Apr 14 14:26:25 2023"
"comp_lendat_bubflt1mkt1.png","Length comp data, discard, Trawl_N (max=0.28)",NA,"CompDat",2023-04-14 14:44:55,"StartTime: Fri Apr 14 14:26:25 2023"
"comp_lendat_data_weighting_TA1.8_Trawl_N.png","WARNING: this figure is based on multinomial likelihood and has not been updated to account for Dirichlet-Multinomial likelihood and the sample size adjustment associated with the estimated log(<i>&#920</i>) parameters.<br><br> Mean length for Trawl_N with 95% confidence intervals based on current samples sizes.",NA,"CompDat",2023-04-14 14:44:55,"StartTime: Fri Apr 14 14:26:25 2023"
"comp_lendat_flt2mkt2_page1.png","Length comp data, retained, Trawl_S (plot 1 of 2).<br><br>'N adj.' is the input sample size after data-weighting adjustment. N eff. is the calculated effective sample size used in the McAllister-Ianelli tuning method.",NA,"CompDat",2023-04-14 14:44:55,"StartTime: Fri Apr 14 14:26:25 2023"
"comp_lendat_flt2mkt2_page2.png","Length comp data, retained, Trawl_S (plot 1 of 2).<br><br>'N adj.' is the input sample size after data-weighting adjustment. N eff. is the calculated effective sample size used in the McAllister-Ianelli tuning method. (plot 2 of 2)",NA,"CompDat",2023-04-14 14:44:55,"StartTime: Fri Apr 14 14:26:25 2023"
"comp_lendat_bubflt2mkt2_page2.png","Length comp data, retained, Trawl_S (max=0.19) (plot 2 of 2)",NA,"CompDat",2023-04-14 14:44:55,"StartTime: Fri Apr 14 14:26:25 2023"
"comp_lendat_data_weighting_TA1.8_Trawl_S.png","WARNING: this figure is based on multinomial likelihood and has not been updated to account for Dirichlet-Multinomial likelihood and the sample size adjustment associated with the estimated log(<i>&#920</i>) parameters.<br><br> Mean length for Trawl_S with 95% confidence intervals based on current samples sizes.",NA,"CompDat",2023-04-14 14:44:55,"StartTime: Fri Apr 14 14:26:25 2023"
"comp_lendat_flt2mkt1.png","Length comp data, discard, Trawl_S.<br><br>'N adj.' is the input sample size after data-weighting adjustment. N eff. is the calculated effective sample size used in the McAllister-Ianelli tuning method.",NA,"CompDat",2023-04-14 14:44:55,"StartTime: Fri Apr 14 14:26:25 2023"
"comp_lendat_bubflt2mkt1.png","Length comp data, discard, Trawl_S (max=0.34)",NA,"CompDat",2023-04-14 14:44:55,"StartTime: Fri Apr 14 14:26:25 2023"
"comp_lendat_data_weighting_TA1.8_Trawl_S.png","WARNING: this figure is based on multinomial likelihood and has not been updated to account for Dirichlet-Multinomial likelihood and the sample size adjustment associated with the estimated log(<i>&#920</i>) parameters.<br><br> Mean length for Trawl_S with 95% confidence intervals based on current samples sizes.",NA,"CompDat",2023-04-14 14:44:55,"StartTime: Fri Apr 14 14:26:25 2023"
"comp_lendat_flt3mkt2_page1.png","Length comp data, retained, Non-trawl (plot 1 of 2).<br><br>'N adj.' is the input sample size after data-weighting adjustment. N eff. is the calculated effective sample size used in the McAllister-Ianelli tuning method.",NA,"CompDat",2023-04-14 14:44:55,"StartTime: Fri Apr 14 14:26:25 2023"
"comp_lendat_flt3mkt2_page2.png","Length comp data, retained, Non-trawl (plot 1 of 2).<br><br>'N adj.' is the input sample size after data-weighting adjustment. N eff. is the calculated effective sample size used in the McAllister-Ianelli tuning method. (plot 2 of 2)",NA,"CompDat",2023-04-14 14:44:55,"StartTime: Fri Apr 14 14:26:25 2023"
"comp_lendat_bubflt3mkt2_page2.png","Length comp data, retained, Non-trawl (max=0.4) (plot 2 of 2)",NA,"CompDat",2023-04-14 14:44:55,"StartTime: Fri Apr 14 14:26:25 2023"
"comp_lendat_data_weighting_TA1.8_Non-trawl.png","WARNING: this figure is based on multinomial likelihood and has not been updated to account for Dirichlet-Multinomial likelihood and the sample size adjustment associated with the estimated log(<i>&#920</i>) parameters.<br><br> Mean length for Non-trawl with 95% confidence intervals based on current samples sizes.",NA,"CompDat",2023-04-14 14:44:55,"StartTime: Fri Apr 14 14:26:25 2023"
"comp_lendat_flt3mkt1.png","Length comp data, discard, Non-trawl.<br><br>'N adj.' is the input sample size after data-weighting adjustment. N eff. is the calculated effective sample size used in the McAllister-Ianelli tuning method.",NA,"CompDat",2023-04-14 14:44:55,"StartTime: Fri Apr 14 14:26:25 2023"
"comp_lendat_bubflt3mkt1.png","Length comp data, discard, Non-trawl (max=0.28)",NA,"CompDat",2023-04-14 14:44:55,"StartTime: Fri Apr 14 14:26:25 2023"
"comp_lendat_data_weighting_TA1.8_Non-trawl.png","WARNING: this figure is based on multinomial likelihood and has not been updated to account for Dirichlet-Multinomial likelihood and the sample size adjustment associated with the estimated log(<i>&#920</i>) parameters.<br><br> Mean length for Non-trawl with 95% confidence intervals based on current samples sizes.",NA,"CompDat",2023-04-14 14:44:55,"StartTime: Fri Apr 14 14:26:25 2023"
"comp_lendat_flt4mkt0.png","Length comp data, whole catch, Triennial1.<br><br>'N adj.' is the input sample size after data-weighting adjustment. N eff. is the calculated effective sample size used in the McAllister-Ianelli tuning method.",NA,"CompDat",2023-04-14 14:44:55,"StartTime: Fri Apr 14 14:26:25 2023"
"comp_lendat_bubflt4mkt0.png","Length comp data, whole catch, Triennial1 (max=0.09)",NA,"CompDat",2023-04-14 14:44:55,"StartTime: Fri Apr 14 14:26:25 2023"
"comp_lendat_data_weighting_TA1.8_Triennial1.png","WARNING: this figure is based on multinomial likelihood and has not been updated to account for Dirichlet-Multinomial likelihood and the sample size adjustment associated with the estimated log(<i>&#920</i>) parameters.<br><br> Mean length for Triennial1 with 95% confidence intervals based on current samples sizes.",NA,"CompDat",2023-04-14 14:44:55,"StartTime: Fri Apr 14 14:26:25 2023"
"comp_lendat_flt5mkt0.png","Length comp data, whole catch, Triennial2.<br><br>'N adj.' is the input sample size after data-weighting adjustment. N eff. is the calculated effective sample size used in the McAllister-Ianelli tuning method.",NA,"CompDat",2023-04-14 14:44:55,"StartTime: Fri Apr 14 14:26:25 2023"
"comp_lendat_bubflt5mkt0.png","Length comp data, whole catch, Triennial2 (max=0.09)",NA,"CompDat",2023-04-14 14:44:55,"StartTime: Fri Apr 14 14:26:25 2023"
"comp_lendat_data_weighting_TA1.8_Triennial2.png","WARNING: this figure is based on multinomial likelihood and has not been updated to account for Dirichlet-Multinomial likelihood and the sample size adjustment associated with the estimated log(<i>&#920</i>) parameters.<br><br> Mean length for Triennial2 with 95% confidence intervals based on current samples sizes.",NA,"CompDat",2023-04-14 14:44:55,"StartTime: Fri Apr 14 14:26:25 2023"
"comp_lendat_flt6mkt0.png","Length comp data, whole catch, NWFSCcombo.<br><br>'N adj.' is the input sample size after data-weighting adjustment. N eff. is the calculated effective sample size used in the McAllister-Ianelli tuning method.",NA,"CompDat",2023-04-14 14:44:55,"StartTime: Fri Apr 14 14:26:25 2023"
"comp_lendat_bubflt6mkt0.png","Length comp data, whole catch, NWFSCcombo (max=0.11)",NA,"CompDat",2023-04-14 14:44:55,"StartTime: Fri Apr 14 14:26:25 2023"
"comp_lendat_data_weighting_TA1.8_NWFSCcombo.png","WARNING: this figure is based on multinomial likelihood and has not been updated to account for Dirichlet-Multinomial likelihood and the sample size adjustment associated with the estimated log(<i>&#920</i>) parameters.<br><br> Mean length for NWFSCcombo with 95% confidence intervals based on current samples sizes.",NA,"CompDat",2023-04-14 14:44:55,"StartTime: Fri Apr 14 14:26:25 2023"
"sexratio_data_len_flt4mkt0.png","Sex ratios for length comps, whole catch, Triennial1.<br>Observed sex ratios (points) with 75% intervals (vertical lines) calculated as a <a href='https://www.jstor.org/stable/2676784'>Jeffreys interval</a> based on the adjusted input sample size.",NA,"CompDat",2023-04-14 14:44:55,"StartTime: Fri Apr 14 14:26:25 2023"
"sexratio_data_len_flt5mkt0.png","Sex ratios for length comps, whole catch, Triennial2.<br>Observed sex ratios (points) with 75% intervals (vertical lines) calculated as a <a href='https://www.jstor.org/stable/2676784'>Jeffreys interval</a> based on the adjusted input sample size.",NA,"CompDat",2023-04-14 14:44:55,"StartTime: Fri Apr 14 14:26:25 2023"
"sexratio_data_len_flt6mkt0.png","Sex ratios for length comps, whole catch, NWFSCcombo.<br>Observed sex ratios (points) with 75% intervals (vertical lines) calculated as a <a href='https://www.jstor.org/stable/2676784'>Jeffreys interval</a> based on the adjusted input sample size.",NA,"CompDat",2023-04-14 14:44:55,"StartTime: Fri Apr 14 14:26:25 2023"
"comp_lenfit__aggregated_across_time.png","Length comps, aggregated across time by fleet.
 <br> Labels 'retained' and 'discard' indicate discarded or retained sampled for each fleet. Panels without this designation represent the whole catch.
",NA,"LenComp",2023-04-14 14:44:55,"StartTime: Fri Apr 14 14:26:25 2023"
"comp_lenfit__page1_multi-fleet_comparison.png","Pearson residuals,  comparing across fleets (plot 1 of 2) <br> 
Closed bubbles are positive residuals (observed > expected) and open bubbles are negative residuals (observed < expected).",NA,"LenComp",2023-04-14 14:44:55,"StartTime: Fri Apr 14 14:26:25 2023"
"comp_lenfit__page2_multi-fleet_comparison.png","Pearson residuals,  comparing across fleets (plot 2 of 2)",NA,"LenComp",2023-04-14 14:44:55,"StartTime: Fri Apr 14 14:26:25 2023"
"comp_lenfit_flt1mkt2_page1.png","Length comps, retained, Trawl_N (plot 1 of 2).<br><br>'N adj.' is the input sample size after data-weighting adjustment. N eff. is the calculated effective sample size used in the McAllister-Ianelli tuning method.",NA,"LenComp",2023-04-14 14:44:55,"StartTime: Fri Apr 14 14:26:25 2023"
"comp_lenfit_flt1mkt2_page2.png","Length comps, retained, Trawl_N (plot 1 of 2).<br><br>'N adj.' is the input sample size after data-weighting adjustment. N eff. is the calculated effective sample size used in the McAllister-Ianelli tuning method. (plot 2 of 2)",NA,"LenComp",2023-04-14 14:44:55,"StartTime: Fri Apr 14 14:26:25 2023"
"comp_lenfit_residsflt1mkt2_page2.png","Pearson residuals, retained, Trawl_N (max=7.17) (plot 2 of 2) <br> 
Closed bubbles are positive residuals (observed > expected) and open bubbles are negative residuals (observed < expected).",NA,"LenComp",2023-04-14 14:44:55,"StartTime: Fri Apr 14 14:26:25 2023"
"comp_lenfit_sampsize_flt1mkt2.png","N-EffN comparison, Length comps, retained, Trawl_N",NA,"LenComp",2023-04-14 14:44:55,"StartTime: Fri Apr 14 14:26:25 2023"
"comp_lenfit_data_weighting_TA1.8_Trawl_N.png","WARNING: this figure is based on multinomial likelihood and has not been updated to account for Dirichlet-Multinomial likelihood and the sample size adjustment associated with the estimated log(<i>&#920</i>) parameters.<br><br> Mean length for Trawl_N with 95% confidence intervals based on current samples sizes.<br>Francis data weighting method TA1.8: thinner intervals (with capped ends) show result of further adjusting sample sizes based on suggested multiplier (with 95% interval) for len data from Trawl_N:<br>0.0737 (0.0371-0.2095) <br><br>For more info, see<br> <blockquote>Francis, R.I.C.C. (2011). Data weighting in statistical fisheries stock assessment models. <i>Can. J. Fish. Aquat. Sci.</i> 68: 1124-1138.  <a href=https://doi.org/10.1139/f2011-025> https://doi.org/10.1139/f2011-025</a> </blockquote>",NA,"LenComp",2023-04-14 14:44:55,"StartTime: Fri Apr 14 14:26:25 2023"
"comp_lenfit_flt1mkt1.png","Length comps, discard, Trawl_N.<br><br>'N adj.' is the input sample size after data-weighting adjustment. N eff. is the calculated effective sample size used in the McAllister-Ianelli tuning method.",NA,"LenComp",2023-04-14 14:44:55,"StartTime: Fri Apr 14 14:26:25 2023"
"comp_lenfit_residsflt1mkt1.png","Pearson residuals, discard, Trawl_N (max=13.6) <br> 
Closed bubbles are positive residuals (observed > expected) and open bubbles are negative residuals (observed < expected).",NA,"LenComp",2023-04-14 14:44:55,"StartTime: Fri Apr 14 14:26:25 2023"
"comp_lenfit_sampsize_flt1mkt1.png","N-EffN comparison, Length comps, discard, Trawl_N",NA,"LenComp",2023-04-14 14:44:55,"StartTime: Fri Apr 14 14:26:25 2023"
"comp_lenfit_data_weighting_TA1.8_Trawl_N.png","WARNING: this figure is based on multinomial likelihood and has not been updated to account for Dirichlet-Multinomial likelihood and the sample size adjustment associated with the estimated log(<i>&#920</i>) parameters.<br><br> Mean length for Trawl_N with 95% confidence intervals based on current samples sizes.<br>Francis data weighting method TA1.8: thinner intervals (with capped ends) show result of further adjusting sample sizes based on suggested multiplier (with 95% interval) for len data from Trawl_N:<br>0.0737 (0.0384-0.2102) <br><br>For more info, see<br> <blockquote>Francis, R.I.C.C. (2011). Data weighting in statistical fisheries stock assessment models. <i>Can. J. Fish. Aquat. Sci.</i> 68: 1124-1138.  <a href=https://doi.org/10.1139/f2011-025> https://doi.org/10.1139/f2011-025</a> </blockquote>",NA,"LenComp",2023-04-14 14:44:55,"StartTime: Fri Apr 14 14:26:25 2023"
"comp_lenfit_flt2mkt2_page1.png","Length comps, retained, Trawl_S (plot 1 of 2).<br><br>'N adj.' is the input sample size after data-weighting adjustment. N eff. is the calculated effective sample size used in the McAllister-Ianelli tuning method.",NA,"LenComp",2023-04-14 14:44:55,"StartTime: Fri Apr 14 14:26:25 2023"
"comp_lenfit_flt2mkt2_page2.png","Length comps, retained, Trawl_S (plot 1 of 2).<br><br>'N adj.' is the input sample size after data-weighting adjustment. N eff. is the calculated effective sample size used in the McAllister-Ianelli tuning method. (plot 2 of 2)",NA,"LenComp",2023-04-14 14:44:55,"StartTime: Fri Apr 14 14:26:25 2023"
"comp_lenfit_residsflt2mkt2_page2.png","Pearson residuals, retained, Trawl_S (max=8.4) (plot 2 of 2) <br> 
Closed bubbles are positive residuals (observed > expected) and open bubbles are negative residuals (observed < expected).",NA,"LenComp",2023-04-14 14:44:55,"StartTime: Fri Apr 14 14:26:25 2023"
"comp_lenfit_sampsize_flt2mkt2.png","N-EffN comparison, Length comps, retained, Trawl_S",NA,"LenComp",2023-04-14 14:44:55,"StartTime: Fri Apr 14 14:26:25 2023"
"comp_lenfit_data_weighting_TA1.8_Trawl_S.png","WARNING: this figure is based on multinomial likelihood and has not been updated to account for Dirichlet-Multinomial likelihood and the sample size adjustment associated with the estimated log(<i>&#920</i>) parameters.<br><br> Mean length for Trawl_S with 95% confidence intervals based on current samples sizes.<br>Francis data weighting method TA1.8: thinner intervals (with capped ends) show result of further adjusting sample sizes based on suggested multiplier (with 95% interval) for len data from Trawl_S:<br>0.1162 (0.084-0.1896) <br><br>For more info, see<br> <blockquote>Francis, R.I.C.C. (2011). Data weighting in statistical fisheries stock assessment models. <i>Can. J. Fish. Aquat. Sci.</i> 68: 1124-1138.  <a href=https://doi.org/10.1139/f2011-025> https://doi.org/10.1139/f2011-025</a> </blockquote>",NA,"LenComp",2023-04-14 14:44:55,"StartTime: Fri Apr 14 14:26:25 2023"
"comp_lenfit_flt2mkt1.png","Length comps, discard, Trawl_S.<br><br>'N adj.' is the input sample size after data-weighting adjustment. N eff. is the calculated effective sample size used in the McAllister-Ianelli tuning method.",NA,"LenComp",2023-04-14 14:44:55,"StartTime: Fri Apr 14 14:26:25 2023"
"comp_lenfit_residsflt2mkt1.png","Pearson residuals, discard, Trawl_S (max=8.39) <br> 
Closed bubbles are positive residuals (observed > expected) and open bubbles are negative residuals (observed < expected).",NA,"LenComp",2023-04-14 14:44:55,"StartTime: Fri Apr 14 14:26:25 2023"
"comp_lenfit_sampsize_flt2mkt1.png","N-EffN comparison, Length comps, discard, Trawl_S",NA,"LenComp",2023-04-14 14:44:55,"StartTime: Fri Apr 14 14:26:25 2023"
"comp_lenfit_data_weighting_TA1.8_Trawl_S.png","WARNING: this figure is based on multinomial likelihood and has not been updated to account for Dirichlet-Multinomial likelihood and the sample size adjustment associated with the estimated log(<i>&#920</i>) parameters.<br><br> Mean length for Trawl_S with 95% confidence intervals based on current samples sizes.<br>Francis data weighting method TA1.8: thinner intervals (with capped ends) show result of further adjusting sample sizes based on suggested multiplier (with 95% interval) for len data from Trawl_S:<br>0.1162 (0.0842-0.1807) <br><br>For more info, see<br> <blockquote>Francis, R.I.C.C. (2011). Data weighting in statistical fisheries stock assessment models. <i>Can. J. Fish. Aquat. Sci.</i> 68: 1124-1138.  <a href=https://doi.org/10.1139/f2011-025> https://doi.org/10.1139/f2011-025</a> </blockquote>",NA,"LenComp",2023-04-14 14:44:55,"StartTime: Fri Apr 14 14:26:25 2023"
"comp_lenfit_flt3mkt2_page1.png","Length comps, retained, Non-trawl (plot 1 of 2).<br><br>'N adj.' is the input sample size after data-weighting adjustment. N eff. is the calculated effective sample size used in the McAllister-Ianelli tuning method.",NA,"LenComp",2023-04-14 14:44:55,"StartTime: Fri Apr 14 14:26:25 2023"
"comp_lenfit_flt3mkt2_page2.png","Length comps, retained, Non-trawl (plot 1 of 2).<br><br>'N adj.' is the input sample size after data-weighting adjustment. N eff. is the calculated effective sample size used in the McAllister-Ianelli tuning method. (plot 2 of 2)",NA,"LenComp",2023-04-14 14:44:55,"StartTime: Fri Apr 14 14:26:25 2023"
"comp_lenfit_residsflt3mkt2_page2.png","Pearson residuals, retained, Non-trawl (max=9.67) (plot 2 of 2) <br> 
Closed bubbles are positive residuals (observed > expected) and open bubbles are negative residuals (observed < expected).",NA,"LenComp",2023-04-14 14:44:55,"StartTime: Fri Apr 14 14:26:25 2023"
"comp_lenfit_sampsize_flt3mkt2.png","N-EffN comparison, Length comps, retained, Non-trawl",NA,"LenComp",2023-04-14 14:44:55,"StartTime: Fri Apr 14 14:26:25 2023"
"comp_lenfit_data_weighting_TA1.8_Non-trawl.png","WARNING: this figure is based on multinomial likelihood and has not been updated to account for Dirichlet-Multinomial likelihood and the sample size adjustment associated with the estimated log(<i>&#920</i>) parameters.<br><br> Mean length for Non-trawl with 95% confidence intervals based on current samples sizes.<br>Francis data weighting method TA1.8: thinner intervals (with capped ends) show result of further adjusting sample sizes based on suggested multiplier (with 95% interval) for len data from Non-trawl:<br>0.111 (0.0744-0.2151) <br><br>For more info, see<br> <blockquote>Francis, R.I.C.C. (2011). Data weighting in statistical fisheries stock assessment models. <i>Can. J. Fish. Aquat. Sci.</i> 68: 1124-1138.  <a href=https://doi.org/10.1139/f2011-025> https://doi.org/10.1139/f2011-025</a> </blockquote>",NA,"LenComp",2023-04-14 14:44:55,"StartTime: Fri Apr 14 14:26:25 2023"
"comp_lenfit_flt3mkt1.png","Length comps, discard, Non-trawl.<br><br>'N adj.' is the input sample size after data-weighting adjustment. N eff. is the calculated effective sample size used in the McAllister-Ianelli tuning method.",NA,"LenComp",2023-04-14 14:44:55,"StartTime: Fri Apr 14 14:26:25 2023"
"comp_lenfit_residsflt3mkt1.png","Pearson residuals, discard, Non-trawl (max=5.74) <br> 
Closed bubbles are positive residuals (observed > expected) and open bubbles are negative residuals (observed < expected).",NA,"LenComp",2023-04-14 14:44:55,"StartTime: Fri Apr 14 14:26:25 2023"
"comp_lenfit_sampsize_flt3mkt1.png","N-EffN comparison, Length comps, discard, Non-trawl",NA,"LenComp",2023-04-14 14:44:55,"StartTime: Fri Apr 14 14:26:25 2023"
"comp_lenfit_data_weighting_TA1.8_Non-trawl.png","WARNING: this figure is based on multinomial likelihood and has not been updated to account for Dirichlet-Multinomial likelihood and the sample size adjustment associated with the estimated log(<i>&#920</i>) parameters.<br><br> Mean length for Non-trawl with 95% confidence intervals based on current samples sizes.<br>Francis data weighting method TA1.8: thinner intervals (with capped ends) show result of further adjusting sample sizes based on suggested multiplier (with 95% interval) for len data from Non-trawl:<br>0.111 (0.077-0.2053) <br><br>For more info, see<br> <blockquote>Francis, R.I.C.C. (2011). Data weighting in statistical fisheries stock assessment models. <i>Can. J. Fish. Aquat. Sci.</i> 68: 1124-1138.  <a href=https://doi.org/10.1139/f2011-025> https://doi.org/10.1139/f2011-025</a> </blockquote>",NA,"LenComp",2023-04-14 14:44:55,"StartTime: Fri Apr 14 14:26:25 2023"
"comp_lenfit_flt4mkt0.png","Length comps, whole catch, Triennial1.<br><br>'N adj.' is the input sample size after data-weighting adjustment. N eff. is the calculated effective sample size used in the McAllister-Ianelli tuning method.",NA,"LenComp",2023-04-14 14:44:55,"StartTime: Fri Apr 14 14:26:25 2023"
"comp_lenfit_residsflt4mkt0.png","Pearson residuals, whole catch, Triennial1 (max=3.01) <br> 
Closed bubbles are positive residuals (observed > expected) and open bubbles are negative residuals (observed < expected).",NA,"LenComp",2023-04-14 14:44:55,"StartTime: Fri Apr 14 14:26:25 2023"
"comp_lenfit_sampsize_flt4mkt0.png","N-EffN comparison, Length comps, whole catch, Triennial1",NA,"LenComp",2023-04-14 14:44:55,"StartTime: Fri Apr 14 14:26:25 2023"
"comp_lenfit_data_weighting_TA1.8_Triennial1.png","WARNING: this figure is based on multinomial likelihood and has not been updated to account for Dirichlet-Multinomial likelihood and the sample size adjustment associated with the estimated log(<i>&#920</i>) parameters.<br><br> Mean length for Triennial1 with 95% confidence intervals based on current samples sizes.<br>Francis data weighting method TA1.8: thinner intervals (with capped ends) show result of further adjusting sample sizes based on suggested multiplier (with 95% interval) for len data from Triennial1:<br>0.1911 (0.1368-1.7894) <br><br>For more info, see<br> <blockquote>Francis, R.I.C.C. (2011). Data weighting in statistical fisheries stock assessment models. <i>Can. J. Fish. Aquat. Sci.</i> 68: 1124-1138.  <a href=https://doi.org/10.1139/f2011-025> https://doi.org/10.1139/f2011-025</a> </blockquote>",NA,"LenComp",2023-04-14 14:44:55,"StartTime: Fri Apr 14 14:26:25 2023"
"comp_lenfit_flt5mkt0.png","Length comps, whole catch, Triennial2.<br><br>'N adj.' is the input sample size after data-weighting adjustment. N eff. is the calculated effective sample size used in the McAllister-Ianelli tuning method.",NA,"LenComp",2023-04-14 14:44:55,"StartTime: Fri Apr 14 14:26:25 2023"
"comp_lenfit_residsflt5mkt0.png","Pearson residuals, whole catch, Triennial2 (max=3.32) <br> 
Closed bubbles are positive residuals (observed > expected) and open bubbles are negative residuals (observed < expected).",NA,"LenComp",2023-04-14 14:44:55,"StartTime: Fri Apr 14 14:26:25 2023"
"comp_lenfit_sampsize_flt5mkt0.png","N-EffN comparison, Length comps, whole catch, Triennial2",NA,"LenComp",2023-04-14 14:44:55,"StartTime: Fri Apr 14 14:26:25 2023"
"comp_lenfit_data_weighting_TA1.8_Triennial2.png","WARNING: this figure is based on multinomial likelihood and has not been updated to account for Dirichlet-Multinomial likelihood and the sample size adjustment associated with the estimated log(<i>&#920</i>) parameters.<br><br> Mean length for Triennial2 with 95% confidence intervals based on current samples sizes.<br>Francis data weighting method TA1.8: thinner intervals (with capped ends) show result of further adjusting sample sizes based on suggested multiplier (with 95% interval) for len data from Triennial2:<br>0.178 (0.1561-197.9653) <br><br>For more info, see<br> <blockquote>Francis, R.I.C.C. (2011). Data weighting in statistical fisheries stock assessment models. <i>Can. J. Fish. Aquat. Sci.</i> 68: 1124-1138.  <a href=https://doi.org/10.1139/f2011-025> https://doi.org/10.1139/f2011-025</a> </blockquote>",NA,"LenComp",2023-04-14 14:44:55,"StartTime: Fri Apr 14 14:26:25 2023"
"comp_lenfit_flt6mkt0.png","Length comps, whole catch, NWFSCcombo.<br><br>'N adj.' is the input sample size after data-weighting adjustment. N eff. is the calculated effective sample size used in the McAllister-Ianelli tuning method.",NA,"LenComp",2023-04-14 14:44:55,"StartTime: Fri Apr 14 14:26:25 2023"
"comp_lenfit_residsflt6mkt0.png","Pearson residuals, whole catch, NWFSCcombo (max=10.44) <br> 
Closed bubbles are positive residuals (observed > expected) and open bubbles are negative residuals (observed < expected).",NA,"LenComp",2023-04-14 14:44:55,"StartTime: Fri Apr 14 14:26:25 2023"
"comp_lenfit_sampsize_flt6mkt0.png","N-EffN comparison, Length comps, whole catch, NWFSCcombo",NA,"LenComp",2023-04-14 14:44:55,"StartTime: Fri Apr 14 14:26:25 2023"
"comp_lenfit_data_weighting_TA1.8_NWFSCcombo.png","WARNING: this figure is based on multinomial likelihood and has not been updated to account for Dirichlet-Multinomial likelihood and the sample size adjustment associated with the estimated log(<i>&#920</i>) parameters.<br><br> Mean length for NWFSCcombo with 95% confidence intervals based on current samples sizes.<br>Francis data weighting method TA1.8: thinner intervals (with capped ends) show result of further adjusting sample sizes based on suggested multiplier (with 95% interval) for len data from NWFSCcombo:<br>0.0849 (0.0566-0.18) <br><br>For more info, see<br> <blockquote>Francis, R.I.C.C. (2011). Data weighting in statistical fisheries stock assessment models. <i>Can. J. Fish. Aquat. Sci.</i> 68: 1124-1138.  <a href=https://doi.org/10.1139/f2011-025> https://doi.org/10.1139/f2011-025</a> </blockquote>",NA,"LenComp",2023-04-14 14:44:55,"StartTime: Fri Apr 14 14:26:25 2023"
"sexratio_len_flt4mkt0.png","Sex ratios for length comps, whole catch, Triennial1.<br>Observed sex ratios (points) with 75% intervals (vertical lines) calculated as a <a href='https://www.jstor.org/stable/2676784'>Jeffreys interval</a> based on the adjusted input sample size. The model expectation is shown  in the purple line.",NA,"LenComp",2023-04-14 14:44:55,"StartTime: Fri Apr 14 14:26:25 2023"
"sexratio_len_flt5mkt0.png","Sex ratios for length comps, whole catch, Triennial2.<br>Observed sex ratios (points) with 75% intervals (vertical lines) calculated as a <a href='https://www.jstor.org/stable/2676784'>Jeffreys interval</a> based on the adjusted input sample size. The model expectation is shown  in the purple line.",NA,"LenComp",2023-04-14 14:44:55,"StartTime: Fri Apr 14 14:26:25 2023"
"sexratio_len_flt6mkt0.png","Sex ratios for length comps, whole catch, NWFSCcombo.<br>Observed sex ratios (points) with 75% intervals (vertical lines) calculated as a <a href='https://www.jstor.org/stable/2676784'>Jeffreys interval</a> based on the adjusted input sample size. The model expectation is shown  in the purple line.",NA,"LenComp",2023-04-14 14:44:55,"StartTime: Fri Apr 14 14:26:25 2023"
"yield1_yield_curve.png","Yield curve",NA,"Yield",2023-04-14 14:44:55,"StartTime: Fri Apr 14 14:26:25 2023"
"yield2_yield_curve_with_refpoints.png","Yield curve with reference points",NA,"Yield",2023-04-14 14:44:55,"StartTime: Fri Apr 14 14:26:25 2023"
"yield3_surplus_production.png","Surplus production vs. biomass plot. For interpretation, see<br> <blockquote>Walters, Hilborn, and  Christensen, 2008, Surplus production dynamics in declining and recovering fish populations. <i>Can. J. Fish. Aquat. Sci.</i> 65: 2536-2551.</blockquote>",NA,"Yield",2023-04-14 14:44:55,"StartTime: Fri Apr 14 14:26:25 2023"
"yield4_YPR_timeseries.png","Time series of yield per recruit (kg)",NA,"Yield",2023-04-14 14:44:55,"StartTime: Fri Apr 14 14:26:25 2023"
"data_plot.png","Data presence by year for each fleet and data type.",NA,"Data",2023-04-14 14:44:55,"StartTime: Fri Apr 14 14:26:25 2023"
"data_plot2.png","Data presence by year for each fleet, where circle area is <br>  relative within a data type. Circles are proportional to <br>  total catch for catches; to precision for indices, discards, and <br>  mean body weight observations; and to total sample size for <br> compositions and mean weight- or length-at-age observations. <br> Observations excluded from the likelihood have <br> equal size for all years. <br> Note that since the circles are are scaled relative <br>  to maximum within each type, the scaling within separate plots <br>  should not be compared.",NA,"Data",2023-04-14 14:44:55,"StartTime: Fri Apr 14 14:26:25 2023"
"parameter_distributions_page1.png","Parameter distribution plots (plot 1 of 6). <br>Deviation parameters are not included. <br>Plotting range is equal to input limits on parameters. Use fitrange = TRUE to scale the range to the estimates.",NA,"Pars",2023-04-14 14:44:55,"StartTime: Fri Apr 14 14:26:25 2023"
"parameter_distributions_page2.png","Parameter distribution plots (plot 2 of 6).",NA,"Pars",2023-04-14 14:44:55,"StartTime: Fri Apr 14 14:26:25 2023"
"parameter_distributions_page3.png","Parameter distribution plots (plot 3 of 6).",NA,"Pars",2023-04-14 14:44:55,"StartTime: Fri Apr 14 14:26:25 2023"
"parameter_distributions_page4.png","Parameter distribution plots (plot 4 of 6).",NA,"Pars",2023-04-14 14:44:55,"StartTime: Fri Apr 14 14:26:25 2023"
"parameter_distributions_page5.png","Parameter distribution plots (plot 5 of 6).",NA,"Pars",2023-04-14 14:44:55,"StartTime: Fri Apr 14 14:26:25 2023"
"parameter_distributions_page6.png","Parameter distribution plots (plot 6 of 6).",NA,"Pars",2023-04-14 14:44:55,"StartTime: Fri Apr 14 14:26:25 2023"
"parameterchecks.html","<b>Estimated parameters (excluding deviation parameters)</b><br> Any parameter with a gradient value with an absolute value above 0.001 or a parameter on bounds is colored in red.",NA,"DiagnosticTables",2023-04-14 14:44:55,"StartTime: Fri Apr 14 14:26:25 2023"
"correlationcheck.html","<b>Highly correlated parameter pairs</b><br> Pairs of parameters with the  50  highest correlations, sorted by absolute value of the correlation. Correlations above 0.95 (in absolute value) are colored in red. These parameters may be confounded or may cause convergence issues.",NA,"DiagnosticTables",2023-04-14 14:44:55,"StartTime: Fri Apr 14 14:26:25 2023"
"lowcorrelationcheck.html","<b>Parameters with low correlations</b><br> Estimated parameters that are the least correlated with all other parameters. The correlation value represents the maximum correlation between the parameter in question and all other estimated parameters. Uncorrelated parameters may not be playing a significant role in the model. Maximum correlations below 0.01 are colored in red.",NA,"DiagnosticTables",2023-04-14 14:44:55,"StartTime: Fri Apr 14 14:26:25 2023"
