Yr,Seas,Flt,Gender,Part,Nsamp,f6,f8,f10,f12,f14,f16,f18,f20,f22,f24,f26,f28,f30,f32,f34,f36,f38,f40,f42,f44,f46,f48,f50,f52,f54,f56,f58,f60,f62,f64,f66,f68,f70,f72,m6,m8,m10,m12,m14,m16,m18,m20,m22,m24,m26,m28,m30,m32,m34,m36,m38,m40,m42,m44,m46,m48,m50,m52,m54,m56,m58,m60,m62,m64,m66,m68,m70,m72
1985,1,1,0,1,104,0,0.0022333544375042905,0.0037473248793573485,0.007097356535613784,0.032996549532216556,0.029071785691235297,0.04839792631033584,0.07807205605269914,0.08625882474855003,0.10784386722325148,0.1225593176078656,0.14729596333307074,0.09456254768611425,0.08001296635928588,0.043909117464927955,0.028460706334558168,0.02913088581183049,0.01272693963818399,0.008149279325491138,0.01574614982368907,0.0015454767686401542,0.004999555794983217,0.0031300154653921657,0.004324649332002609,0.002318215152960231,0,7.727383843200771e-4,0.0015454767686401542,0.0015454767686401542,7.727383843200771e-4,0,0,7.727383843200771e-4,0,0,0,0,0,0,0,0,0,0,0,0,0,0,0,0,0,0,0,0,0,0,0,0,0,0,0,0,0,0,0,0,0,0,0
1986,1,1,0,1,1724,0,0.0018890547445166797,0.003451962285837976,0.006285544402612996,0.03177420973304182,0.028401682036733225,0.04740953264868328,0.07801454216658871,0.08720784968623053,0.10867502429388903,0.12166237011111734,0.14968727424951872,0.09417145814424946,0.08099278571666618,0.04540528052758392,0.029783277495299892,0.030006749284002276,0.011955726684009882,0.0079064550994527,0.0129035836291229,0.0014473474446286482,0.00471898946086664,0.00380958566679009,0.0052029772654138716,0.002171021166942972,0,7.236737223143241e-4,0.0014473474446286482,0.0014473474446286482,7.236737223143241e-4,0,0,7.236737223143241e-4,0,0,0,0,0,0,0,0,0,0,0,0,0,0,0,0,0,0,0,0,0,0,0,0,0,0,0,0,0,0,0,0,0,0,0
1987,1,1,0,1,386,0,0.0015526737671260101,0.003495615405053562,0.005824626055742577,0.027096378956933655,0.02535205743425406,0.04666293521381211,0.07659541272285748,0.09203323641460448,0.10979591569465728,0.12092541177965323,0.14905999123754243,0.09304960256731674,0.08253332290477364,0.04784572165718483,0.02934493597519912,0.029669823152252278,0.011434099873710862,0.007731961965436666,0.018376100185226545,0.0013845869469998938,0.004511165138711392,0.003650084756007258,0.005151405459944402,0.0020768804204998404,0,6.922934734999469e-4,0.0013845869469998938,0.0013845869469998938,6.922934734999469e-4,0,0,6.922934734999469e-4,0,0,0,0,0,0,0,0,0,0,0,0,0,0,0,0,0,0,0,0,0,0,0,0,0,0,0,0,0,0,0,0,0,0,0
2006,1,1,0,1,703,0.00142247510668563,0.015647226173542,0.0128022759601707,0.0327169274537696,0.0654338549075391,0.0867709815078236,0.145092460881935,0.184921763869132,0.194879089615932,0.119487908961593,0.0753911806543385,0.027027027027027,0.0142247510668563,0.0085348506401138,0.00711237553342817,0,0,0.00142247510668563,0,0.0042674253200569,0.00142247510668563,0,0,0,0,0,0,0,0.00142247510668563,0,0,0,0,0,0,0,0,0,0,0,0,0,0,0,0,0,0,0,0,0,0,0,0,0,0,0,0,0,0,0,0,0,0,0,0,0,0,0
2007,1,1,0,1,1146,8.7260034904014e-4,0.0043630017452007,0.0165794066317627,0.0427574171029668,0.081151832460733,0.12739965095986,0.184118673647469,0.18673647469459,0.177137870855148,0.105584642233857,0.0383944153577661,0.0200698080279232,0.00785340314136126,8.7260034904014e-4,0.00349040139616056,8.7260034904014e-4,8.7260034904014e-4,0,8.7260034904014e-4,0,0,0,0,0,0,0,0,0,0,0,0,0,0,0,0,0,0,0,0,0,0,0,0,0,0,0,0,0,0,0,0,0,0,0,0,0,0,0,0,0,0,0,0,0,0,0,0,0
2008,1,1,0,1,1703,0.00587199060481503,0.00763358778625954,0.0158543746330006,0.0405167351732237,0.0974750440399295,0.208455666470934,0.223722842043453,0.209630064591897,0.119201409277745,0.0428655314151497,0.00645918966529654,0.00880798590722255,0.00587199060481503,0.00234879624192601,0.00234879624192601,0,5.87199060481503e-4,0,5.87199060481503e-4,0,0.00117439812096301,0,0,0,0,0,0,5.87199060481503e-4,0,0,0,0,0,0,0,0,0,0,0,0,0,0,0,0,0,0,0,0,0,0,0,0,0,0,0,0,0,0,0,0,0,0,0,0,0,0,0,0
2009,1,1,0,1,2428,0.00247116968698517,0.00906095551894563,0.0189456342668863,0.0164744645799012,0.0613673805601318,0.116968698517298,0.194810543657331,0.205518945634267,0.180807248764415,0.117380560131796,0.0457166392092257,0.014827018121911,0.00453047775947282,0.00164744645799012,0.00370675453047776,0.00205930807248764,8.23723228995058e-4,8.23723228995058e-4,4.11861614497529e-4,4.11861614497529e-4,0,8.23723228995058e-4,4.11861614497529e-4,0,0,0,0,0,0,0,0,0,0,0,0,0,0,0,0,0,0,0,0,0,0,0,0,0,0,0,0,0,0,0,0,0,0,0,0,0,0,0,0,0,0,0,0,0
2010,1,1,0,1,1274,0,0.00549450549450549,0.0117739403453689,0.032182103610675,0.0722135007849294,0.0894819466248038,0.183673469387755,0.245682888540031,0.17425431711146,0.0989010989010989,0.0408163265306122,0.0172684458398744,0.010989010989011,0.0102040816326531,0.00156985871271586,0.00156985871271586,0,0,0,7.84929356357928e-4,0,0,7.84929356357928e-4,7.84929356357928e-4,7.84929356357928e-4,0,0,0,0,7.84929356357928e-4,0,0,0,0,0,0,0,0,0,0,0,0,0,0,0,0,0,0,0,0,0,0,0,0,0,0,0,0,0,0,0,0,0,0,0,0,0,0
2011,1,1,0,1,1459,0.0212474297464016,0.0315284441398218,0.0514050719671008,0.140507196710075,0.150102810143934,0.162440027416038,0.15969842357779299,0.156271418779986,0.0767649074708705,0.021932830705963,0.0109664153529815,0.00205620287868403,0.0047978067169294,0.00205620287868403,0.0047978067169294,0.00137080191912269,0,0,6.85400959561343e-4,6.85400959561343e-4,0,0,0,0,0,0,6.85400959561343e-4,0,0,0,0,0,0,0,0,0,0,0,0,0,0,0,0,0,0,0,0,0,0,0,0,0,0,0,0,0,0,0,0,0,0,0,0,0,0,0,0,0
2012,1,1,0,1,2235,0.00178970917225951,0.00984340044742729,0.0483221476510067,0.138702460850112,0.179865771812081,0.223266219239374,0.176286353467562,0.131096196868009,0.054586129753915,0.0170022371364653,0.00850111856823266,0.00492170022371365,0.00357941834451902,8.94854586129754e-4,4.47427293064877e-4,0,0,0,0,0,0,4.47427293064877e-4,4.47427293064877e-4,0,0,0,0,0,0,0,0,0,0,0,0,0,0,0,0,0,0,0,0,0,0,0,0,0,0,0,0,0,0,0,0,0,0,0,0,0,0,0,0,0,0,0,0,0
2013,1,1,0,1,1920,0.021875,0.0328125,0.0385416666666667,0.096875,0.179166666666667,0.215104166666667,0.1828125,0.130729166666667,0.0515625,0.0291666666666667,0.0135416666666667,0.00364583333333333,0.00104166666666667,0.0015625,0.00104166666666667,5.20833333333333e-4,0,0,0,0,0,0,0,0,0,0,0,0,0,0,0,0,0,0,0,0,0,0,0,0,0,0,0,0,0,0,0,0,0,0,0,0,0,0,0,0,0,0,0,0,0,0,0,0,0,0,0,0
2014,1,1,0,1,1547,0.00711053652230123,0.0433096315449257,0.0271493212669683,0.092436974789916,0.15513897866839,0.191338073691015,0.19715578539108,0.165481577246283,0.0788623141564318,0.0239172592113769,0.00840336134453781,0.00323206205559147,0.00193923723335488,6.46412411118293e-4,0,0,0,0,0,0,0,0,0,0,0,0,0,0.00323206205559147,0,0,6.46412411118293e-4,0,0,0,0,0,0,0,0,0,0,0,0,0,0,0,0,0,0,0,0,0,0,0,0,0,0,0,0,0,0,0,0,0,0,0,0,0
2015,1,1,0,1,1014,0.00591715976331361,0.0167652859960552,0.0335305719921105,0.0848126232741617,0.157790927021696,0.281065088757396,0.222879684418146,0.127218934911243,0.0433925049309665,0.00986193293885602,0.00788954635108481,0.00394477317554241,0.00394477317554241,0,0,0,0,9.86193293885602e-4,0,0,0,0,0,0,0,0,0,0,0,0,0,0,0,0,0,0,0,0,0,0,0,0,0,0,0,0,0,0,0,0,0,0,0,0,0,0,0,0,0,0,0,0,0,0,0,0,0,0
2016,1,1,0,1,970,0.00103092783505155,0.011340206185567,0.0247422680412371,0.0597938144329897,0.149484536082474,0.285567010309278,0.255670103092783,0.125773195876289,0.0587628865979381,0.0144329896907217,0.00824742268041237,0.00309278350515464,0,0,0.00103092783505155,0,0,0,0,0,0,0,0.00103092783505155,0,0,0,0,0,0,0,0,0,0,0,0,0,0,0,0,0,0,0,0,0,0,0,0,0,0,0,0,0,0,0,0,0,0,0,0,0,0,0,0,0,0,0,0,0
2017,1,1,0,1,915,0.0207650273224044,0.0273224043715847,0.0306010928961749,0.053551912568306,0.130054644808743,0.251366120218579,0.222950819672131,0.146448087431694,0.0502732240437158,0.0295081967213115,0.0153005464480874,0.0131147540983607,0.00437158469945355,0.00218579234972678,0.00218579234972678,0,0,0,0,0,0,0,0,0,0,0,0,0,0,0,0,0,0,0,0,0,0,0,0,0,0,0,0,0,0,0,0,0,0,0,0,0,0,0,0,0,0,0,0,0,0,0,0,0,0,0,0,0
2018,1,1,0,1,1066,0.0131332082551595,0.0375234521575985,0.049718574108818,0.0469043151969981,0.103189493433396,0.215759849906191,0.212945590994371,0.153846153846154,0.0619136960600375,0.0525328330206379,0.0178236397748593,0.0206378986866792,0.00938086303939963,0.00187617260787992,9.38086303939962e-4,0.00187617260787992,0,0,0,0,0,0,0,0,0,0,0,0,0,0,0,0,0,0,0,0,0,0,0,0,0,0,0,0,0,0,0,0,0,0,0,0,0,0,0,0,0,0,0,0,0,0,0,0,0,0,0,0
2019,1,1,0,1,921,0,0.00434310532030402,0.0162866449511401,0.0618892508143322,0.11943539630836,0.198697068403909,0.204125950054289,0.149837133550489,0.0912052117263844,0.0640608034744843,0.0423452768729642,0.0238870792616721,0.0152008686210641,0.001085776330076,0.00217155266015201,0.001085776330076,0,0,0.001085776330076,0,0.001085776330076,0,0,0.001085776330076,0.001085776330076,0,0,0,0,0,0,0,0,0,0,0,0,0,0,0,0,0,0,0,0,0,0,0,0,0,0,0,0,0,0,0,0,0,0,0,0,0,0,0,0,0,0,0
2020,1,1,0,1,1032,0.00290697674418605,0.00484496124031008,0.0135658914728682,0.0222868217054264,0.0503875968992248,0.0949612403100775,0.127906976744186,0.168604651162791,0.175387596899225,0.15406976744186,0.104651162790698,0.0426356589147287,0.0213178294573643,0.0106589147286822,9.68992248062015e-4,0.00290697674418605,0,0,0,9.68992248062015e-4,0,0,0,0,0,0,0,0,0,0,0,0,0,9.68992248062015e-4,0,0,0,0,0,0,0,0,0,0,0,0,0,0,0,0,0,0,0,0,0,0,0,0,0,0,0,0,0,0,0,0,0,0
2021,1,1,0,1,1336,0.00449101796407186,0.00449101796407186,0.0119760479041916,0.0142215568862275,0.0329341317365269,0.0546407185628743,0.0845808383233533,0.13248502994012,0.144461077844311,0.150449101796407,0.139221556886228,0.109281437125749,0.0673652694610778,0.0261976047904192,0.0149700598802395,0.00598802395209581,0.00149700598802395,7.48502994011976e-4,0,0,0,0,0,0,0,0,0,0,0,0,0,0,0,0,0,0,0,0,0,0,0,0,0,0,0,0,0,0,0,0,0,0,0,0,0,0,0,0,0,0,0,0,0,0,0,0,0,0
2006,1,2,0,1,252,0.00793650793650794,0.0476190476190476,0.107142857142857,0.0912698412698413,0.0595238095238095,0.0912698412698413,0.103174603174603,0.0634920634920635,0.115079365079365,0.0674603174603175,0.0714285714285714,0.0357142857142857,0.0476190476190476,0.0198412698412698,0.0357142857142857,0.00793650793650794,0,0.0158730158730159,0.00793650793650794,0.00396825396825397,0,0,0,0,0,0,0,0,0,0,0,0,0,0,0,0,0,0,0,0,0,0,0,0,0,0,0,0,0,0,0,0,0,0,0,0,0,0,0,0,0,0,0,0,0,0,0,0
2007,1,2,0,1,318,0,0,0.00314465408805031,0.0125786163522013,0.0660377358490566,0.135220125786164,0.216981132075472,0.216981132075472,0.141509433962264,0.128930817610063,0.0440251572327044,0.0188679245283019,0.00628930817610063,0.00314465408805031,0.00314465408805031,0,0,0,0,0,0,0,0,0,0,0,0,0,0,0,0.00314465408805031,0,0,0,0,0,0,0,0,0,0,0,0,0,0,0,0,0,0,0,0,0,0,0,0,0,0,0,0,0,0,0,0,0,0,0,0,0
2008,1,2,0,1,335,0,0,0,0.0149253731343284,0.026865671641791,0.122388059701493,0.188059701492537,0.229850746268657,0.17910447761194,0.104477611940299,0.0686567164179104,0.0388059701492537,0.017910447761194,0.00298507462686567,0,0,0,0,0,0.00298507462686567,0,0,0,0,0.00298507462686567,0,0,0,0,0,0,0,0,0,0,0,0,0,0,0,0,0,0,0,0,0,0,0,0,0,0,0,0,0,0,0,0,0,0,0,0,0,0,0,0,0,0,0
2009,1,2,0,1,490,0,0,0,0.00816326530612245,0.026530612244898,0.0979591836734694,0.155102040816327,0.226530612244898,0.195918367346939,0.16530612244898,0.0877551020408163,0.0204081632653061,0.0142857142857143,0.00204081632653061,0,0,0,0,0,0,0,0,0,0,0,0,0,0,0,0,0,0,0,0,0,0,0,0,0,0,0,0,0,0,0,0,0,0,0,0,0,0,0,0,0,0,0,0,0,0,0,0,0,0,0,0,0,0
2010,1,2,0,1,208,0,0,0.0144230769230769,0.0144230769230769,0.0192307692307692,0.0432692307692308,0.0913461538461538,0.235576923076923,0.288461538461538,0.177884615384615,0.0817307692307692,0.0192307692307692,0.00480769230769231,0.00480769230769231,0,0,0,0,0,0,0,0,0.00480769230769231,0,0,0,0,0,0,0,0,0,0,0,0,0,0,0,0,0,0,0,0,0,0,0,0,0,0,0,0,0,0,0,0,0,0,0,0,0,0,0,0,0,0,0,0,0
2011,1,2,0,1,446,0.00224215246636771,0.0112107623318386,0.0201793721973094,0.0941704035874439,0.168161434977578,0.13677130044843,0.141255605381166,0.143497757847534,0.152466367713004,0.0739910313901345,0.031390134529148,0.0112107623318386,0.00224215246636771,0.00448430493273543,0.00672645739910314,0,0,0,0,0,0,0,0,0,0,0,0,0,0,0,0,0,0,0,0,0,0,0,0,0,0,0,0,0,0,0,0,0,0,0,0,0,0,0,0,0,0,0,0,0,0,0,0,0,0,0,0,0
2012,1,2,0,1,588,0,0.00680272108843537,0.0255102040816327,0.0799319727891157,0.168367346938776,0.200680272108844,0.187074829931973,0.127551020408163,0.0884353741496599,0.0561224489795918,0.0306122448979592,0.0136054421768707,0.00510204081632653,0.00680272108843537,0,0,0.00170068027210884,0.00170068027210884,0,0,0,0,0,0,0,0,0,0,0,0,0,0,0,0,0,0,0,0,0,0,0,0,0,0,0,0,0,0,0,0,0,0,0,0,0,0,0,0,0,0,0,0,0,0,0,0,0,0
2013,1,2,0,1,855,0.00233918128654971,0.0175438596491228,0.0233918128654971,0.0701754385964912,0.148538011695906,0.2,0.176608187134503,0.174269005847953,0.0795321637426901,0.0584795321637427,0.0269005847953216,0.00818713450292398,0.00233918128654971,0,0.00233918128654971,0.00116959064327485,0.00233918128654971,0,0,0.00116959064327485,0,0.00116959064327485,0.00233918128654971,0.00116959064327485,0,0,0,0,0,0,0,0,0,0,0,0,0,0,0,0,0,0,0,0,0,0,0,0,0,0,0,0,0,0,0,0,0,0,0,0,0,0,0,0,0,0,0,0
2014,1,2,0,1,623,0.00160513643659711,0.00321027287319422,0.0160513643659711,0.0401284109149278,0.0898876404494382,0.170144462279294,0.184590690208668,0.189406099518459,0.126805778491172,0.0914927768860353,0.0674157303370786,0.0176565008025682,0.00160513643659711,0,0,0,0,0,0,0,0,0,0,0,0,0,0,0,0,0,0,0,0,0,0,0,0,0,0,0,0,0,0,0,0,0,0,0,0,0,0,0,0,0,0,0,0,0,0,0,0,0,0,0,0,0,0,0
2015,1,2,0,1,686,0,0,0.0102040816326531,0.0451895043731778,0.097667638483965,0.158892128279883,0.167638483965015,0.211370262390671,0.174927113702624,0.0918367346938776,0.0306122448979592,0.0087463556851312,0.00291545189504373,0,0,0,0,0,0,0,0,0,0,0,0,0,0,0,0,0,0,0,0,0,0,0,0,0,0,0,0,0,0,0,0,0,0,0,0,0,0,0,0,0,0,0,0,0,0,0,0,0,0,0,0,0,0,0
2016,1,2,0,1,443,0,0,0.00451467268623025,0.0203160270880361,0.0790067720090293,0.110609480812641,0.158013544018059,0.227990970654628,0.173814898419865,0.135440180586907,0.0519187358916479,0.0225733634311512,0.0112866817155756,0,0,0.00225733634311512,0,0.00225733634311512,0,0,0,0,0,0,0,0,0,0,0,0,0,0,0,0,0,0,0,0,0,0,0,0,0,0,0,0,0,0,0,0,0,0,0,0,0,0,0,0,0,0,0,0,0,0,0,0,0,0
2017,1,2,0,1,142,0,0.00704225352112676,0,0.0704225352112676,0.0704225352112676,0.154929577464789,0.190140845070423,0.246478873239437,0.133802816901408,0.0704225352112676,0.0211267605633803,0.0211267605633803,0.0140845070422535,0,0,0,0,0,0,0,0,0,0,0,0,0,0,0,0,0,0,0,0,0,0,0,0,0,0,0,0,0,0,0,0,0,0,0,0,0,0,0,0,0,0,0,0,0,0,0,0,0,0,0,0,0,0,0
2018,1,2,0,1,213,0,0,0,0,0.0234741784037559,0.07981220657277,0.197183098591549,0.352112676056338,0.2018779342723,0.103286384976526,0.0328638497652582,0.00938967136150235,0,0,0,0,0,0,0,0,0,0,0,0,0,0,0,0,0,0,0,0,0,0,0,0,0,0,0,0,0,0,0,0,0,0,0,0,0,0,0,0,0,0,0,0,0,0,0,0,0,0,0,0,0,0,0,0
2019,1,2,0,1,339,0,0,0.00589970501474926,0,0.0117994100294985,0.0530973451327434,0.123893805309735,0.23598820058997,0.300884955752212,0.168141592920354,0.0648967551622419,0.0176991150442478,0.00884955752212389,0.00884955752212389,0,0,0,0,0,0,0,0,0,0,0,0,0,0,0,0,0,0,0,0,0,0,0,0,0,0,0,0,0,0,0,0,0,0,0,0,0,0,0,0,0,0,0,0,0,0,0,0,0,0,0,0,0,0
2020,1,2,0,1,424,0,0,0,0.00707547169811321,0.00943396226415094,0.0117924528301887,0.0825471698113208,0.214622641509434,0.290094339622642,0.19811320754717,0.0919811320754717,0.0400943396226415,0.0141509433962264,0.0117924528301887,0.00707547169811321,0.00707547169811321,0.00471698113207547,0.00471698113207547,0.00235849056603774,0,0,0,0,0.00235849056603774,0,0,0,0,0,0,0,0,0,0,0,0,0,0,0,0,0,0,0,0,0,0,0,0,0,0,0,0,0,0,0,0,0,0,0,0,0,0,0,0,0,0,0,0
2021,1,2,0,1,418,0,0.00239234449760766,0.00239234449760766,0.00956937799043062,0.0143540669856459,0.0406698564593301,0.0741626794258373,0.145933014354067,0.248803827751196,0.244019138755981,0.131578947368421,0.0526315789473684,0.0263157894736842,0.00478468899521531,0.00239234449760766,0,0,0,0,0,0,0,0,0,0,0,0,0,0,0,0,0,0,0,0,0,0,0,0,0,0,0,0,0,0,0,0,0,0,0,0,0,0,0,0,0,0,0,0,0,0,0,0,0,0,0,0,0
2005,1,3,0,1,7,0,0,0,0,0,0,0,0,0,0,0.285714285714286,0,0.285714285714286,0.285714285714286,0,0,0.142857142857143,0,0,0,0,0,0,0,0,0,0,0,0,0,0,0,0,0,0,0,0,0,0,0,0,0,0,0,0,0,0,0,0,0,0,0,0,0,0,0,0,0,0,0,0,0,0,0,0,0,0,0
2006,1,3,0,1,112,0,0,0,0,0,0,0.023634453781512632,0.043242296918767534,0.1248249299719888,0.2960434173669469,0.310399159663865,0.219012605042017,0.223914565826331,0.1530112044817927,0.24719887955182118,0.060224089635854294,0.018732492997198882,0.05847338935574233,0.0504201680672269,0.0414915966386555,0.0463935574229692,0,0.023634453781512632,0.01383053221288516,0.01383053221288516,0.0267857142857143,0,0.00490196078431373,0,0,0,0,0,0,0,0,0,0,0,0,0,0,0,0,0,0,0,0,0,0,0,0,0,0,0,0,0,0,0,0,0,0,0,0,0,0,0,0
2007,1,3,0,1,245,0,0,0.00408163265306122,0,0,0.00408163265306122,0.022396650968079516,0.0712715855572998,0.23369963369963362,0.2496075353218212,0.2505494505494507,0.276713762428048,0.240502354788069,0.1427524856096286,0.1517530088958663,0.08079539508110933,0.0354788069073783,0.0489795918367347,0.0489795918367347,0.0326530612244898,0.0204081632653061,0.00408163265306122,0.02815279958137096,0.00408163265306122,0.00816326530612245,0.00816326530612245,0.00408163265306122,0.0204081632653061,0.00816326530612245,0,0,0,0,0,0,0,0,0,0,0,0,0,0,0,0,0,0,0,0,0,0,0,0,0,0,0,0,0,0,0,0,0,0,0,0,0,0,0
2008,1,3,0,1,67,0,0,0,0,0.0149253731343284,0.00564971751412429,0.02057509064845269,0.0169491525423729,0.096045197740113,0.2081963066025801,0.2691626612699214,0.26789779913989403,0.286449110380302,0.2525508052955558,0.1646007251876214,0.1121511088624673,0.061725271945358,0.0560755544312337,0.0580993338392782,0.00564971751412429,0.0375242431908256,0.0112994350282486,0.0169491525423729,0.0149253731343284,0.00564971751412429,0,0.00564971751412429,0,0.0112994350282486,0,0,0,0,0,0,0,0,0,0,0,0,0,0,0,0,0,0,0,0,0,0,0,0,0,0,0,0,0,0,0,0,0,0,0,0,0,0,0
2009,1,3,0,1,50,0,0,0,0,0,0.0181818181818182,0,0.0454545454545455,0.0818181818181818,0.165454545454545,0.1618181818181818,0.1927272727272727,0.1745454545454545,0.1418181818181818,0.1454545454545455,0.12727272727272732,0.1418181818181818,0.1345454545454545,0.1527272727272727,0.0963636363636364,0.058181818181818196,0.0472727272727273,0.02909090909090909,0.0363636363636364,0.00909090909090909,0,0,0.02,0.02,0,0,0,0,0,0,0,0,0,0,0,0,0,0,0,0,0,0,0,0,0,0,0,0,0,0,0,0,0,0,0,0,0,0,0,0,0,0,0
2010,1,3,0,1,74,0,0,0,0.0135135135135135,0.0540540540540541,0.0405405405405405,0.037027027027027,0.0640540540540541,0.035,0.0435135135135135,0.205675675675676,0.1195945945945946,0.217162162162162,0.12256756756756759,0.0385135135135135,0.1425675675675676,0.1025675675675676,0.1740540540540541,0.1340540540540541,0.0735135135135135,0.06851351351351351,0.08,0.055,0.045,0.04,0.03,0.033513513513513504,0.005,0.02,0.005,0,0,0,0,0,0,0,0,0,0,0,0,0,0,0,0,0,0,0,0,0,0,0,0,0,0,0,0,0,0,0,0,0,0,0,0,0,0
2011,1,3,0,1,236,0,0,0,0,0.00546448087431694,0.01817634528109664,0.0254237288135593,0.027878114291006797,0.0594378067981847,0.10370936371214229,0.1631471705103271,0.1728489395202373,0.19213670464017812,0.1314717051032694,0.1127396499027508,0.1388348615356117,0.1212142261739372,0.06478651477262204,0.1139668426414745,0.0933361118829305,0.0855330184310456,0.0582106140594609,0.073376863943688,0.0843058256923219,0.024868018894137242,0.0485088450495508,0.0109289617486339,0.027878114291006797,0.0109289617486339,0.0127118644067797,0.00423728813559322,0.013939057145503381,0,0,0,0,0,0,0,0,0,0,0,0,0,0,0,0,0,0,0,0,0,0,0,0,0,0,0,0,0,0,0,0,0,0,0,0
2012,1,3,0,1,455,0,0,0.0021978021978022,0.0043956043956044,0.00879120879120879,0.00879120879120879,0.0197802197802198,0.0520651762031073,0.0921308576480991,0.12459264873057979,0.1590754073512694,0.2064165719338129,0.1558671213843629,0.1174940002526209,0.1114058355437666,0.10582291271946451,0.1200202096753821,0.12221801187318429,0.1151193633952255,0.0843501326259947,0.07775672603258808,0.0843501326259947,0.06626247315902489,0.05257041808765949,0.018087659466969788,0.038878363016294104,0.0246810660603764,0.0021978021978022,0.0136920550713654,0.00659340659340659,0.0021978021978022,0.0021978021978022,0,0,0,0,0,0,0,0,0,0,0,0,0,0,0,0,0,0,0,0,0,0,0,0,0,0,0,0,0,0,0,0,0,0,0,0
2013,1,3,0,1,154,0,0,0,0,0,0,0.05,0.0194805194805195,0.075974025974026,0.025974025974026,0.051948051948052,0.0909090909090909,0.1149350649350649,0.0454545454545455,0.1279220779220779,0.1279220779220779,0.0714285714285714,0.1974025974025974,0.1214285714285714,0.1344155844155844,0.0324675324675325,0.201948051948052,0.0324675324675325,0,0.16298701298701299,0.06298701298701301,0.12597402597402602,0.00649350649350649,0.1,0.0194805194805195,0,0,0,0,0,0,0,0,0,0,0,0,0,0,0,0,0,0,0,0,0,0,0,0,0,0,0,0,0,0,0,0,0,0,0,0,0,0
2014,1,3,0,1,182,0,0,0,0,0.00549450549450549,0,0.00549450549450549,0.010989010989011,0.0274725274725275,0.07583505603307579,0.18572516592318591,0.18572516592318591,0.19121967141769092,0.1692416494396689,0.07474703514307471,0.0626700032640627,0.0263845065825264,0.0725709933630726,0.06490044608856489,0.16499836796866552,0.08470242628658468,0.07039495158307041,0.12430638668262449,0.03519747579153519,0.0495049504950495,0.0792079207920792,0.07480143618757479,0.0297029702970297,0.0792079207920792,0.0198019801980198,0,0.0297029702970297,0,0,0,0,0,0,0,0,0,0,0,0,0,0,0,0,0,0,0,0,0,0,0,0,0,0,0,0,0,0,0,0,0,0,0,0
2015,1,3,0,1,212,0,0,0,0.00943396226415094,0.0283018867924528,0.0188679245283019,0.0380986937590711,0.0411223996129656,0.0967585873246251,0.16352201257861632,0.18541364296081292,0.2227866473149497,0.1071601354620222,0.108490566037736,0.0977261731978713,0.0835752298016449,0.0805515239477503,0.0556361877116594,0.06071601354620224,0.07522980164489597,0.09917755200774064,0.04317851959361397,0.0833333333333333,0.08805031446540877,0.05599903241412677,0.0384615384615385,0.0256410256410256,0.0384615384615385,0.0192307692307692,0.02394775036284467,0.00641025641025641,0,0,0.00471698113207547,0,0,0,0,0,0,0,0,0,0,0,0,0,0,0,0,0,0,0,0,0,0,0,0,0,0,0,0,0,0,0,0,0,0
2016,1,3,0,1,461,0,0,0,0,0,0,0.02020622232787567,0.0151843817787419,0.0332214067096544,0.1436127536920928,0.1400766647847146,0.11348171039729,0.15823254984696788,0.1185035509464238,0.1293495379312396,0.061420972870175,0.1342525183490328,0.061420972870175,0.1529729890351525,0.1053695064333046,0.1371051615012035,0.14863459424122621,0.077972246159332,0.0995453599976228,0.0562802721897008,0.0332214067096544,0.0245446171218019,0.00867678958785249,0.00650759219088937,0.00216919739696312,0.01586782753394942,0.00216919739696312,0,0,0,0,0,0,0,0,0,0,0,0,0,0,0,0,0,0,0,0,0,0,0,0,0,0,0,0,0,0,0,0,0,0,0,0
2017,1,3,0,1,349,0,0,0,0,0,0.00286532951289398,0.00286532951289398,0.02109598853868195,0.0171919770773639,0.1208452722063037,0.17736389684813753,0.22632521489971352,0.2148638968481375,0.19090257879656158,0.2224212034383954,0.1888252148997135,0.0869985673352436,0.0718839541547278,0.0630372492836676,0.0929799426934097,0.046883954154727805,0.0622492836676218,0.0651146131805158,0.0354226361031519,0.0143266475644699,0.0239613180515759,0.0200573065902579,0.0114613180515759,0.00286532951289398,0.00573065902578797,0.00573065902578797,0.00573065902578797,0,0,0,0,0,0,0,0,0,0,0,0,0,0,0,0,0,0,0,0,0,0,0,0,0,0,0,0,0,0,0,0,0,0,0,0
2018,1,3,0,1,360,0,0.00277777777777778,0,0.02746913580246918,0.0493827160493827,0.037037037037037,0.07962962962962966,0.06450617283950617,0.0632716049382716,0.11018518518518519,0.0858024691358025,0.1410493827160494,0.1478395061728395,0.09290123456790131,0.1919753086419757,0.1092592592592592,0.1256172839506173,0.1558641975308641,0.0941358024691358,0.09012345679012351,0.0759259259259259,0.0771604938271605,0.056481481481481396,0.0509259259259259,0.00833333333333333,0.0166666666666667,0.0138888888888889,0.01790123456790126,0.00277777777777778,0.00555555555555556,0.00277777777777778,0,0.00277777777777778,0,0,0,0,0,0,0,0,0,0,0,0,0,0,0,0,0,0,0,0,0,0,0,0,0,0,0,0,0,0,0,0,0,0,0
2019,1,3,0,1,180,0,0,0,0.00555555555555556,0.0111111111111111,0,0.0111111111111111,0.06805555555555556,0.0902777777777778,0.1236111111111111,0.2743055555555556,0.225,0.168055555555556,0.241666666666667,0.20833333333333331,0.1402777777777778,0.0666666666666667,0.0555555555555556,0.08680555555555561,0.0666666666666667,0.0423611111111111,0.0388888888888889,0.059027777777777804,0.00555555555555556,0,0.00555555555555556,0,0,0,0.00555555555555556,0,0,0,0,0,0,0,0,0,0,0,0,0,0,0,0,0,0,0,0,0,0,0,0,0,0,0,0,0,0,0,0,0,0,0,0,0,0
2020,1,3,0,1,54,0,0,0,0,0,0,0,0.0952380952380952,0.2566137566137565,0.21693121693121709,0.1216931216931217,0.148148148148148,0.0925925925925926,0.0740740740740741,0,0.1587301587301586,0.22486772486772522,0.0555555555555556,0.0846560846560846,0,0.1507936507936508,0,0.0476190476190476,0.0185185185185185,0.0476190476190476,0.1031746031746032,0.037037037037037,0.0476190476190476,0.0185185185185185,0,0,0,0,0,0,0,0,0,0,0,0,0,0,0,0,0,0,0,0,0,0,0,0,0,0,0,0,0,0,0,0,0,0,0,0,0,0,0
2021,1,3,0,1,231,0,0,0,0,0.00432900432900433,0,0.00432900432900433,0.0352092352092352,0.0303030303030303,0.24761904761904763,0.1982683982683979,0.2421356421356426,0.262626262626263,0.2008658008658007,0.2002886002886004,0.121212121212121,0.2242424242424239,0.057431457431457396,0.0216450216450216,0.03088023088023086,0.0352092352092352,0,0.012987012987013,0.00432900432900433,0.026551226551226527,0.00432900432900433,0.0222222222222222,0,0.00432900432900433,0.00432900432900433,0,0.00432900432900433,0,0,0,0,0,0,0,0,0,0,0,0,0,0,0,0,0,0,0,0,0,0,0,0,0,0,0,0,0,0,0,0,0,0,0,0
