id,sex,r1,r2,age,length_cm,sex2
1230_402_3,Female,22,21,21.5,24.8,Female
1230_403_4,Male,18,17,17.5,25,Male
1230_405_6,Female,12,14,13,20.5,Female
1230_409_8,Female,14,14,14,19.9,Female
1231_401_10,Female,50,54,52,58,Female
1231_402_11,Female,17,19,18,32.2,Female
1231_404_13,Female,22,21,21.5,30.5,Female
1231_405_14,Female,16,13,14.5,27.3,Female
1231_406_15,Female,19,16,17.5,27.5,Female
1231_407_16,Male,19,18,18.5,29.3,Male
1231_408_17,Female,17,17,17,24.6,Female
1231_409_18,Male,13,17,15,26.6,Male
1231_410_19,Female,20,18,19,26.2,Female
1231_411_20,Female,22,21,21.5,29.9,Female
1231_413_21,Female,33,28,30.5,30.6,Female
1231_414_22,Male,19,21,20,27.5,Male
1231_415_23,Male,20,18,19,24.4,Male
1231_416_24,Female,22,25,23.5,29.3,Female
1231_417_25,Female,19,19,19,25,Female
1231_418_26,Male,48,51,49.5,41.7,Male
1231_419_27,Male,31,33,32,35.6,Male
1231_420_28,Male,16,18,17,26.4,Male
1231_421_29,Male,22,23,22.5,30.3,Male
1231_422_30,Female,23,18,20.5,27.4,Female
1231_423_31,Male,59,62,60.5,51.8,Male
1231_425_32,Female,17,18,17.5,26.1,Female
1231_426_33,Female,17,18,17.5,25.9,Female
1231_427_34,Female,35,31,33,34.4,Female
1231_428_35,Male,18,23,20.5,25,Male
1231_429_36,Female,21,23,22,28,Female
1231_430_37,Female,16,19,17.5,23.8,Female
1231_431_38,Male,13,12,12.5,21.9,Male
1231_432_39,Female,17,18,17.5,27.2,Female
1231_433_40,Male,19,18,18.5,26,Male
1231_434_41,Male,20,19,19.5,24.8,Male
1231_435_42,Female,67,77,72,61.5,Female
1231_436_43,Male,27,24,25.5,33.9,Male
1231_438_45,Male,15,15,15,22.1,Male
1231_439_46,Male,19,19,19,25.6,Male
1231_440_47,Female,25,21,23,32.3,Female
1231_441_48,Male,24,23,23.5,27.4,Male
1231_443_49,Male,25,21,23,28.9,Male
1231_444_50,Female,21,17,19,22.7,Female
1231_445_51,Male,23,22,22.5,39,Male
1231_446_52,Female,17,18,17.5,26.3,Female
1231_450_56,Male,28,23,25.5,24.5,Male
1231_451_57,Male,15,16,15.5,29.2,Male
1231_452_58,Female,13,15,14,22.2,Female
1231_453_59,Male,24,27,25.5,22.8,Male
1231_454_60,Male,55,55,55,41.2,Male
1231_455_61,Male,23,21,22,33.8,Male
1231_456_62,Male,16,18,17,25.3,Male
1231_458_64,Female,9,9,9,21.8,Female
1231_459_65,Female,13,10,11.5,23.5,Female
1231_460_66,Female,25,28,26.5,28,Female
1231_461_67,Female,18,18,18,28,Female
1231_462_68,Female,18,18,18,30.3,Female
1231_463_69,Female,21,17,19,30.7,Female
1231_464_70,Female,23,19,21,29,Female
1231_465_71,Male,22,17,19.5,24.2,Male
1231_467_72,Male,17,14,15.5,22.4,Male
1231_468_73,Male,16,17,16.5,28,Male
1231_469_74,Female,18,17,17.5,28,Female
1231_470_75,Male,19,15,17,25.2,Male
1231_472_76,Female,14,14,14,20.2,Female
1231_473_77,Male,18,21,19.5,22.2,Male
1231_474_78,Female,11,10,10.5,20.8,Female
1231_476_79,Female,48,46,47,61.7,Female
1232_401_81,Male,31,29,30,51.4,Male
1232_402_82,Male,30,38,34,40,Male
1232_403_83,Male,35,49,42,47.4,Male
1232_404_84,Male,110,107,108.5,65.2,Male
1232_405_85,Male,30,42,36,45.3,Male
1232_406_86,Male,25,30,27.5,35.6,Male
1232_407_87,Female,47,51,49,49.8,Female
1232_408_88,Male,38,39,38.5,45.5,Male
1232_409_89,Male,59,56,57.5,46.2,Male
1232_410_90,Male,40,36,38,42.8,Male
1232_411_91,Female,80,79,79.5,55.2,Female
1232_412_92,Male,34,34,34,39.1,Male
1232_414_94,Female,42,39,40.5,48.8,Female
1232_415_95,Female,55,48,51.5,56.4,Female
1233_401_96,Male,43,44,43.5,43.1,Male
1233_402_97,Male,42,36,39,39.9,Male
1233_403_98,Male,48,41,44.5,43.4,Male
1233_404_99,Female,59,60,59.5,57.2,Female
1233_405_100,Male,65,70,67.5,58.7,Male
1233_406_101,Male,107,95,101,60.2,Male
1233_407_102,Female,55,63,59,52.2,Female
1233_408_103,Male,36,41,38.5,46.1,Male
1233_409_104,Female,65,63,64,52.1,Female
1233_410_105,Male,38,36,37,40.8,Male
1233_411_106,Female,60,63,61.5,56.8,Female
1233_412_107,Male,43,46,44.5,42.6,Male
1233_413_108,Male,61,57,59,44.6,Male
1233_414_109,Female,41,49,45,45.5,Female
1233_415_110,Male,42,38,40,41,Male
1233_416_111,Male,39,35,37,41.9,Male
1233_417_112,Male,40,39,39.5,40,Male
1233_418_113,Female,60,71,65.5,62.7,Female
1233_419_114,Female,82,77,79.5,59.9,Female
1233_420_115,Male,50,42,46,44.4,Male
1233_421_116,Male,52,51,51.5,53.8,Male
1233_422_117,Female,35,37,36,39.2,Female
1234_401_118,Female,30,43,36.5,52.2,Female
1234_402_119,Female,49,47,48,41.8,Female
1234_403_120,Male,50,56,53,52.8,Male
1234_404_121,Female,65,63,64,57.2,Female
1234_405_122,Male,35,49,42,41.8,Male
1234_406_123,Male,43,57,50,48.9,Male
1234_407_124,Female,40,45,42.5,45.1,Female
1234_408_125,Male,33,34,33.5,38.2,Male
1234_409_126,Male,35,37,36,43,Male
1234_410_127,Female,43,52,47.5,52.5,Female
1234_411_128,Female,31,31,31,45.5,Female
1234_412_129,Male,34,34,34,40.2,Male
1234_413_130,Male,30,36,33,45.7,Male
1234_414_131,Male,51,53,52,45.1,Male
1234_415_132,Male,64,69,66.5,54.5,Male
1234_416_133,Male,27,25,26,45.6,Male
1234_417_134,Male,48,39,43.5,37.8,Male
1235_401_135,Female,43,44,43.5,58.2,Female
1235_402_136,Female,58,67,62.5,59.5,Female
1235_403_137,Female,71,75,73,52,Female
1235_405_139,Male,24,25,24.5,39.6,Male
1235_406_140,Female,64,56,60,52,Female
1235_407_141,Female,46,45,45.5,54.8,Female
1235_408_142,Female,57,64,60.5,48.4,Female
1235_409_143,Male,51,57,54,48.6,Male
1235_410_144,Male,50,46,48,49.5,Male
1235_411_145,Female,59,61,60,60.3,Female
1235_412_146,Female,67,67,67,54.1,Female
1235_413_147,Female,55,53,54,56.8,Female
1235_414_148,Female,46,45,45.5,49.7,Female
1235_415_149,Female,48,47,47.5,56.5,Female
1235_416_150,Male,38,34,36,43.5,Male
1235_417_151,Male,56,48,52,47.3,Male
1235_418_152,Female,45,48,46.5,44,Female
1235_420_154,Female,40,34,37,39.1,Female
1235_421_155,Female,24,26,25,36.3,Female
1235_422_156,Male,32,32,32,36.6,Male
1236_402_157,Male,102,97,99.5,67.3,Male
1236_404_158,Female,49,61,55,57,Female
1236_405_159,Female,59,49,54,59,Female
1236_408_160,Female,21,26,23.5,33.3,Female
1236_409_161,Male,54,48,51,50.5,Male
1236_410_162,Female,48,54,51,51.6,Female
1236_411_163,Female,56,53,54.5,56.3,Female
1236_412_164,Female,51,52,51.5,52.5,Female
1236_415_165,Female,36,35,35.5,35.8,Female
1236_416_166,Male,45,51,48,50.7,Male
1236_417_167,Female,59,60,59.5,61.8,Female
1236_418_168,Male,45,46,45.5,52,Male
1236_419_169,Male,36,49,42.5,49.9,Male
1236_421_170,Female,69,63,66,61.8,Female
1236_422_171,Male,87,89,88,58.3,Male
1236_423_172,Female,80,74,77,61,Female
1236_424_173,Male,49,51,50,44.1,Male
1236_425_174,Male,54,47,50.5,56.1,Male
1236_426_175,Female,55,51,53,55.7,Female
1236_427_176,Female,50,69,59.5,49.2,Female
1236_428_177,Male,48,46,47,52.7,Male
1236_429_178,Female,68,61,64.5,64.2,Female
1236_430_179,Female,57,53,55,55.9,Female
1236_432_180,Female,35,42,38.5,45.1,Female
1236_433_181,Female,67,58,62.5,55.8,Female
1236_435_183,Female,52,56,54,60.3,Female
1236_438_185,Female,58,57,57.5,56,Female
1236_440_187,Female,59,67,63,60.3,Female
1236_441_188,Male,62,61,61.5,53,Male
1236_442_189,Male,53,53,53,54.2,Male
1236_443_190,Male,47,49,48,51.8,Male
1236_444_191,Male,41,41,41,47.6,Male
1237_403_194,Male,56,48,52,42.9,Male
1237_404_195,Male,36,39,37.5,44.1,Male
1237_405_196,Female,43,48,45.5,48.5,Female
1237_406_197,Male,46,41,43.5,42,Male
1237_407_198,Male,38,41,39.5,44.3,Male
1237_408_199,Male,43,43,43,41,Male
1237_409_200,Male,41,37,39,39.7,Male
1237_410_201,Male,39,45,42,43.5,Male
1237_411_202,Female,31,30,30.5,39.3,Female
1237_412_203,Male,39,42,40.5,43.3,Male
1237_414_205,Male,57,50,53.5,46.5,Male
1237_415_206,Male,47,43,45,40,Male
1237_416_207,Male,41,37,39,43,Male
1237_418_208,Male,31,36,33.5,41.2,Male
1237_421_210,Male,50,55,52.5,47.3,Male
1237_422_211,Male,65,58,61.5,47.4,Male
1237_423_212,Male,52,46,49,45.4,Male
1237_424_213,Male,36,35,35.5,44,Male
1237_425_214,Male,44,48,46,46.5,Male
1237_426_215,Male,32,27,29.5,36.5,Male
1237_427_216,Male,39,36,37.5,45.1,Male
1237_428_217,Male,60,57,58.5,48.1,Male
1237_429_218,Male,52,63,57.5,50.5,Male
1237_433_219,Male,39,37,38,40.9,Male
1237_434_220,Female,39,39,39,40.3,Female
1237_436_221,Male,45,51,48,42.2,Male
1237_437_222,Male,62,69,65.5,48.6,Male
1237_439_224,Male,43,37,40,49.7,Male
1237_440_225,Female,38,48,43,44.2,Female
1237_442_226,Male,32,36,34,38.5,Male
1243_401_227,Male,13,12,12.5,22.1,Male
1243_403_229,Male,20,23,21.5,27.1,Male
1243_404_230,Male,12,13,12.5,20.8,Male
1243_405_231,Male,19,15,17,24.8,Male
1243_406_232,Male,11,16,13.5,22.5,Male
1243_409_235,Female,11,12,11.5,23.3,Female
1243_410_236,Female,13,10,11.5,20.7,Female
1243_411_237,Female,17,13,15,23.5,Female
1243_413_239,Male,29,27,28,38.8,Male
1243_415_241,Female,25,19,22,25.4,Female
1243_416_242,Male,39,34,36.5,44,Male
1243_418_244,Male,21,21,21,26.8,Male
1243_420_246,Male,16,14,15,23.8,Male
1243_421_247,Female,18,15,16.5,23.8,Female
1243_422_248,Male,12,13,12.5,22,Male
1243_423_249,Male,15,16,15.5,27,Male
1243_424_250,Male,13,13,13,22.4,Male
1243_425_251,Female,21,16,18.5,26.9,Female
1243_426_252,Female,20,16,18,23,Female
1243_427_253,Male,13,11,12,20.8,Male
1243_428_254,Male,17,23,20,27.7,Male
1243_430_256,Female,19,17,18,26.4,Female
1243_432_257,Male,8,8,8,18.2,Male
1243_433_258,Female,18,18,18,25.4,Female
1243_434_259,Male,22,17,19.5,22.5,Male
1243_435_260,Male,11,10,10.5,17.7,Male
1244_401_261,Male,29,30,29.5,46.4,Male
1244_402_262,Male,46,42,44,39.9,Male
1244_403_263,Female,59,67,63,63.8,Female
1244_404_264,Male,61,68,64.5,60.2,Male
1244_405_265,Female,45,56,50.5,60.9,Female
1244_408_266,Female,30,32,31,41.9,Female
1244_409_267,Female,62,65,63.5,57.5,Female
1244_410_268,Female,65,61,63,67,Female
1244_411_269,Female,68,76,72,67.5,Female
1244_412_270,Male,28,37,32.5,40.5,Male
1244_413_271,Male,46,47,46.5,48.1,Male
1244_415_273,Female,41,39,40,42,Female
1244_416_274,Female,33,29,31,47.7,Female
1244_417_275,Male,29,33,31,35.7,Male
1244_418_276,Male,57,57,57,58.4,Male
1244_419_277,Female,33,30,31.5,34,Female
1244_420_278,Male,51,55,53,45.7,Male
1244_421_279,Male,39,36,37.5,39.1,Male
1244_423_281,Male,36,29,32.5,36,Male
1244_424_282,Male,29,29,29,42.1,Male
1244_426_283,Male,47,43,45,36.8,Male
1244_427_284,Male,31,24,27.5,30.8,Male
1244_428_285,Male,44,41,42.5,42.6,Male
1244_429_286,Female,28,25,26.5,34.4,Female
1244_431_288,Male,32,25,28.5,32.1,Male
1244_432_289,Female,35,27,31,33.1,Female
1244_434_290,Female,28,23,25.5,33.1,Female
1244_437_291,Male,31,31,31,40.4,Male
1244_439_292,Male,24,23,23.5,33.2,Male
1244_440_293,Female,77,95,86,65.2,Female
1244_441_294,Female,79,83,81,68.2,Female
1244_443_296,Male,73,79,76,64.2,Male
1244_445_298,Female,80,89,84.5,62.8,Female
1244_449_300,Female,79,99,89,69.9,Female
1244_450_301,Female,32,33,32.5,34.5,Female
1244_451_302,Male,32,29,30.5,34.3,Male
1244_452_303,Male,31,28,29.5,27.1,Male
1244_453_304,Male,26,31,28.5,32.8,Male
1245_401_305,Male,42,41,41.5,46,Male
1245_402_306,Male,39,43,41,44.9,Male
1245_403_307,Male,36,37,36.5,37.9,Male
1245_404_308,Female,66,76,71,65.8,Female
1245_411_309,Male,47,39,43,46.9,Male
1245_412_310,Male,28,30,29,38.4,Male
1245_414_311,Male,44,42,43,46.6,Male
1245_415_312,Male,45,36,40.5,45.6,Male
1245_416_313,Male,34,36,35,49.7,Male
1245_417_314,Male,55,57,56,46.5,Male
1245_419_315,Female,42,34,38,38.4,Female
1245_420_316,Male,32,29,30.5,47.9,Male
1245_421_317,Female,60,52,56,55.4,Female
1245_423_318,Male,79,78,78.5,59.5,Male
1245_424_319,Male,57,51,54,55.4,Male
1245_425_320,Female,39,41,40,38,Female
1245_426_321,Female,34,35,34.5,50.5,Female
1245_427_322,Female,73,73,73,58.2,Female
1245_428_323,Female,61,61,61,63.1,Female
1245_430_324,Female,38,35,36.5,37,Female
1245_431_325,Male,40,48,44,48.1,Male
1245_436_326,Female,70,53,61.5,48.2,Female
1245_439_327,Female,23,26,24.5,31.6,Female
1245_444_328,Male,32,37,34.5,37.6,Male
1245_451_329,Female,44,42,43,48.4,Female
1245_452_330,Male,37,38,37.5,34.4,Male
1245_453_331,Female,41,55,48,42.8,Female
1245_457_332,Male,59,75,67,53.2,Male
1245_460_333,Female,53,53,53,45.8,Female
1245_464_334,Female,45,53,49,40.2,Female
1245_470_335,Male,73,59,66,59.7,Male
1245_472_336,Female,72,81,76.5,70.4,Female
1246_401_337,Male,62,69,65.5,47.5,Male
1246_402_338,Male,47,41,44,38.8,Male
1246_403_339,Male,55,42,48.5,43.8,Male
1246_404_340,Male,65,65,65,41.5,Male
1246_405_341,Male,55,57,56,43,Male
1246_406_342,Female,51,48,49.5,47.2,Female
1246_407_343,Male,67,62,64.5,52.2,Male
1246_408_344,Male,47,44,45.5,45.1,Male
1246_409_345,Female,34,27,30.5,28.4,Female
1246_410_346,Male,36,39,37.5,41.5,Male
1246_411_347,Male,47,48,47.5,40.8,Male
1246_412_348,Male,49,52,50.5,50.8,Male
1246_413_349,Female,72,64,68,61.5,Female
1246_416_350,Male,45,39,42,39,Male
1246_418_352,Male,40,47,43.5,47,Male
1246_419_353,Male,40,49,44.5,46,Male
1246_420_354,Female,52,51,51.5,40.2,Female
1246_424_355,Female,41,52,46.5,51,Female
1246_425_356,Female,33,30,31.5,45.2,Female
1246_426_357,Female,50,42,46,41.4,Female
1246_427_358,Female,72,67,69.5,52.5,Female
1246_428_359,Male,60,52,56,42.1,Male
1246_429_360,Male,39,35,37,46.4,Male
1246_430_361,Male,41,34,37.5,39,Male
1246_431_362,Male,39,36,37.5,38.7,Male
1246_432_363,Female,23,27,25,39,Female
1246_433_364,Male,18,19,18.5,24.9,Male
1246_434_365,Female,52,51,51.5,66,Female
1247_401_366,Male,60,62,61,55.3,Male
1247_403_368,Male,36,43,39.5,52,Male
1247_405_369,Female,28,34,31,45.3,Female
1247_407_370,Female,49,56,52.5,42.8,Female
1247_409_371,Female,61,63,62,52.8,Female
1247_410_372,Female,36,39,37.5,44,Female
1247_411_373,Male,44,59,51.5,45.2,Male
1247_412_374,Female,36,36,36,49.8,Female
1247_413_375,Female,32,39,35.5,54,Female
1247_414_376,Female,35,33,34,52.8,Female
1247_415_377,Female,40,41,40.5,44.5,Female
1247_416_378,Female,47,48,47.5,49.3,Female
1247_417_379,Female,41,42,41.5,45.6,Female
1247_418_380,Female,69,67,68,46.4,Female
1247_419_381,Male,45,49,47,45.1,Male
1247_422_382,Female,33,34,33.5,41.3,Female
1247_423_383,Female,27,26,26.5,35.7,Female
1248_402_384,Male,60,61,60.5,53.7,Male
1248_403_385,Male,34,33,33.5,37.4,Male
1248_404_386,Female,41,52,46.5,46.9,Female
1248_405_387,Male,72,61,66.5,49.5,Male
1248_406_388,Female,45,54,49.5,45.1,Female
1248_407_389,Female,34,38,36,41,Female
1248_408_390,Female,51,45,48,48,Female
1248_409_391,Male,38,54,46,47.6,Male
1248_412_392,Male,37,41,39,47.1,Male
1248_415_393,Male,48,47,47.5,40.2,Male
1248_416_394,Male,39,38,38.5,39.1,Male
1248_417_395,Female,51,44,47.5,47.7,Female
1248_419_396,Female,46,54,50,49.6,Female
1248_422_397,Female,55,59,57,47.9,Female
1248_426_398,Male,30,38,34,50,Male
1248_427_399,Male,41,31,36,38.2,Male
1248_428_400,Male,30,29,29.5,33.7,Male
1248_430_401,Female,42,51,46.5,43.9,Female
1248_431_402,Male,28,31,29.5,36.3,Male
1249_401_403,Male,62,64,63,55.2,Male
1249_402_404,Male,50,42,46,48.4,Male
1249_405_405,Male,51,44,47.5,54.3,Male
1249_406_406,Female,71,67,69,62.2,Female
1249_413_407,Male,61,62,61.5,47.8,Male
1249_414_408,Female,37,40,38.5,37.6,Female
1249_415_409,Female,34,32,33,34.8,Female
1249_419_410,Male,62,59,60.5,50.2,Male
1249_421_411,Male,45,49,47,49.5,Male
1249_422_412,Male,54,57,55.5,40.8,Male
1249_424_413,Female,82,78,80,58,Female
1249_428_414,Male,68,62,65,55,Male
1249_430_415,Female,78,97,87.5,65.7,Female
1249_442_417,Female,59,61,60,54.1,Female
1249_443_418,Male,56,51,53.5,61,Male
1249_447_419,Male,46,40,43,54,Male
1249_449_420,Female,49,52,50.5,43.2,Female
1249_461_421,Male,42,42,42,52.2,Male
1249_463_422,Male,76,68,72,59.5,Male
1249_466_423,Female,82,70,76,64.5,Female
1249_468_424,Female,64,69,66.5,59,Female
1249_475_425,Male,31,35,33,35.3,Male
1250_401_426,Male,39,34,36.5,43.5,Male
1250_403_427,Female,48,46,47,39.7,Female
1250_405_428,Female,54,41,47.5,43.2,Female
1250_414_431,Male,37,34,35.5,36.8,Male
1250_416_432,Female,60,59,59.5,46.9,Female
1250_417_433,Female,43,36,39.5,36.8,Female
1250_419_435,Male,25,25,25,35.4,Male
1250_424_436,Male,77,63,70,56.9,Male
1250_426_437,Female,23,21,22,20.7,Female
1250_427_438,Female,44,38,41,38,Female
1250_432_439,Female,36,45,40.5,41.6,Female
1250_433_440,Female,39,36,37.5,37.8,Female
1250_434_441,Female,32,33,32.5,44,Female
1250_435_442,Male,40,41,40.5,38,Male
1250_437_443,Female,47,56,51.5,48.7,Female
1250_438_444,Male,33,33,33,35.9,Male
1250_439_445,Female,30,28,29,30.9,Female
1250_440_446,Female,30,42,36,43.2,Female
1250_446_447,Male,46,51,48.5,52.9,Male
1250_447_448,Female,30,37,33.5,42.4,Female
1250_449_449,Female,40,47,43.5,41.6,Female
1250_450_450,Male,67,60,63.5,58,Male
1250_451_451,Female,44,55,49.5,57.3,Female
1250_452_452,Female,52,60,56,53.5,Female
1250_453_453,Male,89,83,86,61.5,Male
1250_454_454,Female,73,79,76,65.3,Female
1251_401_455,Male,25,26,25.5,34.9,Male
1251_406_456,Female,21,18,19.5,30.2,Female
1251_407_457,Male,27,31,29,37.2,Male
1251_408_458,Male,29,32,30.5,30.8,Male
1251_409_459,Female,35,32,33.5,32.5,Female
1251_410_460,Female,11,11,11,23.6,Female
1251_412_461,Female,32,31,31.5,33.1,Female
1251_415_462,Male,18,16,17,25.4,Male
1251_416_463,Female,20,21,20.5,30.1,Female
1251_420_465,Female,30,34,32,33,Female
1251_421_466,Male,22,21,21.5,28.4,Male
1251_423_468,Male,22,26,24,30.4,Male
1251_425_469,Male,20,23,21.5,28.2,Male
1251_427_470,Male,23,22,22.5,27.6,Male
1251_429_471,Female,21,19,20,24,Female
1251_432_472,Female,27,22,24.5,29.2,Female
1251_435_473,Male,28,25,26.5,27.8,Male
1251_438_474,Female,22,18,20,25.7,Female
1251_440_475,Female,76,101,88.5,64.5,Female
1252_401_476,Male,24,21,22.5,29.2,Male
1252_402_477,Male,22,21,21.5,27,Male
1252_403_478,Male,27,27,27,32,Male
1252_404_479,Female,20,22,21,22.6,Female
1252_405_480,Male,18,17,17.5,26.4,Male
1252_406_481,Male,17,18,17.5,25,Male
1252_407_482,Female,26,26,26,40.2,Female
1252_408_483,Female,14,13,13.5,25,Female
1252_409_484,Female,18,18,18,24.7,Female
1252_410_485,Male,20,18,19,24,Male
1252_411_486,Male,19,21,20,26.8,Male
1252_412_487,Male,21,19,20,26.4,Male
1252_413_488,Male,17,19,18,25.4,Male
1252_414_489,Male,20,20,20,25.7,Male
1252_415_490,Female,21,19,20,26.8,Female
1252_416_491,Female,23,22,22.5,28.1,Female
1252_417_492,Female,20,21,20.5,27.7,Female
1252_421_493,Male,21,16,18.5,23.4,Male
1252_422_494,Male,28,29,28.5,34.9,Male
1252_423_495,Male,19,21,20,28.9,Male
1252_424_496,Female,12,12,12,18.2,Female
1252_425_497,Male,23,23,23,27.8,Male
1252_426_498,Female,77,70,73.5,62.8,Female
1252_427_499,Female,76,75,75.5,59.6,Female
1252_428_500,Female,22,27,24.5,28.7,Female
1252_429_501,Male,43,41,42,45.2,Male
1252_430_502,Female,48,54,51,51.5,Female
1252_431_503,Male,31,33,32,32.9,Male
1252_434_506,Male,27,26,26.5,31.1,Male
1252_435_507,Male,29,30,29.5,34.3,Male
1252_436_508,Female,16,17,16.5,27.4,Female
1252_437_509,Male,16,15,15.5,26.3,Male
1252_438_510,Female,17,18,17.5,26.4,Female
1252_441_511,Female,18,19,18.5,26.5,Female
1252_443_512,Male,17,13,15,23.8,Male
1252_444_513,Female,10,11,10.5,20.3,Female
1252_445_514,Male,14,18,16,22.6,Male
1252_446_515,Female,20,19,19.5,26.7,Female
1252_447_516,Male,34,29,31.5,34.2,Male
1252_448_517,Male,27,29,28,33.4,Male
1252_449_518,Female,29,25,27,29.2,Female
1252_450_519,Male,28,36,32,38.3,Male
1253_401_520,Female,39,42,40.5,43.5,Female
1253_402_521,Female,25,28,26.5,34.9,Female
1253_403_522,Female,22,19,20.5,33.7,Female
1253_404_523,Male,27,29,28,35.8,Male
1253_405_524,Female,21,23,22,36.6,Female
1253_406_525,Male,19,16,17.5,28.6,Male
1253_407_526,Male,17,21,19,28.2,Male
1253_409_528,Male,21,20,20.5,23.2,Male
1253_410_529,Female,20,19,19.5,26.4,Female
1253_416_531,Male,21,17,19,23.1,Male
1253_420_532,Female,12,13,12.5,22.4,Female
1253_421_533,Female,22,18,20,22.7,Female
1253_423_535,Male,10,11,10.5,20.6,Male
1253_424_536,Male,8,8,8,14,Male
1253_427_538,Male,12,11,11.5,18.4,Male
1253_431_539,Female,7,8,7.5,15.7,Female
1253_433_540,Female,22,27,24.5,33.3,Female
1253_434_541,Female,19,17,18,24.7,Female
1253_437_542,Male,14,12,13,19,Male
1253_439_543,Female,10,12,11,23,Female
1253_441_544,Female,22,21,21.5,30.4,Female
1253_453_545,Female,13,13,13,22,Female
1253_454_546,Female,15,16,15.5,21.5,Female
1253_461_547,Female,11,9,10,18.8,Female
1253_465_548,Male,32,27,29.5,29.3,Male
1253_468_549,Male,20,16,18,20.8,Male
1253_471_552,Male,9,11,10,19.6,Male
1253_474_553,Female,24,23,23.5,37.2,Female
1253_477_554,Male,10,13,11.5,20.4,Male
1253_479_555,Male,10,11,10.5,19,Male
1253_486_556,Female,13,12,12.5,19.9,Female
1253_487_557,Male,9,10,9.5,17.5,Male
1253_488_558,Female,9,11,10,17.4,Female
1253_489_559,Female,9,10,9.5,16.5,Female
1253_495_560,Female,11,12,11.5,20,Female
1254_403_561,Male,11,10,10.5,19.5,Male
1254_404_562,Male,12,13,12.5,19.3,Male
1254_405_563,Male,11,11,11,19,Male
1254_406_564,Male,15,14,14.5,17.7,Male
1254_410_565,Male,12,16,14,20.6,Male
1254_411_566,Male,6,7,6.5,15.8,Male
1254_412_567,Male,9,10,9.5,17,Male
1254_413_568,Female,13,10,11.5,16.4,Female
1254_415_570,Male,14,11,12.5,16.6,Male
1254_416_571,Female,16,15,15.5,22.3,Female
1254_421_573,Female,11,12,11.5,20.2,Female
1254_423_574,Male,8,8,8,15.5,Male
1254_425_575,Male,7,8,7.5,14.9,Male
1254_427_576,Female,12,10,11,16.3,Female
1254_431_577,Female,10,12,11,16.2,Female
1254_436_578,Female,8,9,8.5,19.3,Female
1254_437_579,Female,24,21,22.5,27.2,Female
1254_444_580,Female,29,23,26,27.8,Female
1254_445_581,Male,16,15,15.5,17.2,Male
1254_463_582,Female,11,11,11,20,Female
1254_464_583,Male,11,13,12,19.5,Male
1254_469_584,Male,10,13,11.5,15.5,Male
1254_473_585,Female,22,21,21.5,28.7,Female
1254_482_586,Male,13,13,13,16.5,Male
1254_490_587,Male,24,20,22,29,Male
1255_434_590,Female,10,12,11,18.9,Female
1255_436_591,Female,25,27,26,35.5,Female
1255_437_592,Female,12,12,12,17.7,Female
1255_441_593,Female,21,24,22.5,27.5,Female
1255_457_595,Female,12,13,12.5,18.3,Female
1255_461_596,Female,12,16,14,18.3,Female
1255_465_597,Female,19,19,19,29.6,Female
1256_403_598,Female,21,19,20,29.7,Female
1256_406_599,Female,21,18,19.5,28.3,Female
1256_407_600,Female,46,44,45,42.2,Female
1256_414_601,Male,24,26,25,31.1,Male
1256_426_604,Female,20,21,20.5,28.7,Female
1256_427_605,Female,23,26,24.5,32.7,Female
1256_430_606,Male,52,56,54,51.1,Male
1256_431_607,Male,46,61,53.5,55.1,Male
1256_442_608,Male,53,64,58.5,51.4,Male
1256_446_609,Female,10,11,10.5,18.1,Female
1256_456_610,Male,30,32,31,33.7,Male
1256_459_611,Male,36,31,33.5,32.4,Male
1257_401_612,Female,34,43,38.5,35,Female
1257_406_613,Female,33,27,30,39.7,Female
1257_425_614,Male,34,45,39.5,42.6,Male
1257_433_616,Female,29,25,27,30.1,Female
1257_448_617,Female,32,28,30,44.8,Female
1257_469_619,Female,24,19,21.5,37,Female
1257_479_620,Male,30,25,27.5,31.9,Male
1257_480_621,Female,22,17,19.5,29.8,Female
1257_493_622,Male,30,25,27.5,39.7,Male
1258_401_623,Male,41,41,41,55.7,Male
1258_405_624,Female,19,24,21.5,31,Female
1258_406_625,Female,22,24,23,34.6,Female
1258_409_626,Male,32,45,38.5,38,Male
1258_410_627,Male,28,25,26.5,33,Male
1258_415_628,Male,83,78,80.5,64.2,Male
1258_416_629,Female,24,29,26.5,35.4,Female
1258_418_630,Male,29,29,29,33.3,Male
1258_420_631,Female,27,36,31.5,40.3,Female
1258_425_633,Female,38,31,34.5,33.2,Female
1258_426_634,Male,30,29,29.5,30.3,Male
1258_427_635,Male,27,33,30,28.3,Male
1258_430_637,Female,26,23,24.5,26.4,Female
1258_432_638,Female,43,46,44.5,47.8,Female
1258_433_639,Male,35,33,34,38.2,Male
1258_436_640,Female,25,22,23.5,32.8,Female
1258_438_641,Female,55,61,58,62.1,Female
1258_439_642,Male,42,35,38.5,37.4,Male
1258_442_643,Female,28,35,31.5,33.8,Female
1258_445_644,Female,36,49,42.5,39,Female
1258_450_645,Female,30,27,28.5,29.3,Female
1258_453_646,Male,27,31,29,31,Male
1258_456_647,Male,31,27,29,29.8,Male
1258_458_648,Male,28,29,28.5,30.9,Male
1258_469_649,Female,40,31,35.5,34,Female
1258_479_650,Female,28,23,25.5,31,Female
1259_415_653,Female,31,35,33,42.4,Female
1259_420_654,Male,37,40,38.5,48.9,Male
1259_429_655,Male,57,58,57.5,47.8,Male
1259_431_656,Male,74,70,72,54,Male
1259_438_657,Male,40,34,37,32,Male
1259_442_658,Female,29,31,30,36.7,Female
1259_445_659,Male,25,25,25,30.9,Male
1259_449_660,Male,25,28,26.5,30.8,Male
1259_450_661,Male,19,17,18,24.3,Male
1260_401_662,Female,70,71,70.5,48.8,Female
1260_402_663,Male,41,43,42,57.7,Male
1260_403_664,Female,71,76,73.5,61,Female
1260_405_665,Male,60,67,63.5,55.5,Male
1260_406_666,Female,46,65,55.5,46.8,Female
1260_410_667,Female,33,42,37.5,37.2,Female
1260_412_668,Female,53,51,52,41.9,Female
1260_413_669,Female,49,39,44,43,Female
1260_416_670,Male,39,36,37.5,38.3,Male
1260_418_671,Male,37,38,37.5,38.2,Male
1260_423_672,Female,56,46,51,40.3,Female
1260_426_673,Female,39,44,41.5,43.1,Female
1260_429_674,Female,43,51,47,42.6,Female
1260_433_675,Female,64,62,63,51.3,Female
1260_434_676,Female,37,39,38,40.2,Female
1260_436_677,Female,37,43,40,45.2,Female
1260_437_678,Female,39,44,41.5,50.6,Female
1260_438_679,Male,40,36,38,34.9,Male
1260_439_680,Female,48,41,44.5,40,Female
1260_441_681,Female,65,59,62,55,Female
1261_401_682,Female,31,33,32,38.9,Female
1261_403_683,Female,35,36,35.5,39.3,Female
1261_405_684,Female,71,73,72,53.7,Female
1261_406_685,Female,79,72,75.5,69.9,Female
1261_409_686,Female,36,39,37.5,40.8,Female
1261_414_687,Female,38,51,44.5,54.3,Female
1262_403_688,Female,34,27,30.5,41.2,Female
1262_405_689,Female,61,81,71,64.3,Female
1262_407_690,Female,39,39,39,31.8,Female
1262_414_692,Female,41,40,40.5,36.5,Female
1263_402_693,Female,63,48,55.5,51,Female
1263_403_694,Female,48,39,43.5,48.8,Female
1263_405_695,Female,55,55,55,61.3,Female
1263_406_696,Female,54,43,48.5,49.2,Female
1263_413_697,Female,47,36,41.5,36.8,Female
1264_402_698,Female,37,30,33.5,41.4,Female
1264_403_699,Female,67,72,69.5,67,Female
1264_404_700,Female,65,69,67,59.9,Female
1264_406_701,Female,31,28,29.5,38.8,Female
1264_410_702,Male,56,54,55,55.1,Male
1264_415_703,Male,64,76,70,60.4,Male
1264_416_704,Female,68,82,75,56.8,Female
1264_417_705,Female,76,99,87.5,65.6,Female
1264_421_706,Female,31,37,34,37,Female
1264_422_707,Female,55,63,59,63,Female
1264_426_708,Female,51,44,47.5,39.3,Female
1264_429_709,Male,33,32,32.5,32.4,Male
1264_433_711,Male,54,57,55.5,48.1,Male
1264_437_712,Female,40,32,36,35.4,Female
1264_438_713,Male,47,38,42.5,49.2,Male
1265_410_714,Female,37,33,35,43.2,Female
1265_411_715,Female,47,45,46,42,Female
1265_419_716,Male,25,23,24,30.6,Male
1265_420_717,Female,34,37,35.5,38.8,Female
1265_432_718,Female,59,55,57,57.8,Female
1265_439_719,Male,74,78,76,63.4,Male
1265_465_720,Male,61,66,63.5,54.7,Male
1265_469_721,Female,58,65,61.5,45.8,Female
1265_474_722,Female,75,61,68,60,Female
1265_475_723,Female,95,99,97,73.2,Female
1266_402_725,Female,33,25,29,31,Female
1266_415_727,Female,40,39,39.5,45.1,Female
1266_416_728,Male,40,38,39,45.1,Male
1266_417_729,Male,31,34,32.5,36.4,Male
1266_418_730,Male,40,49,44.5,43.4,Male
1266_420_732,Male,26,26,26,33.8,Male
1266_435_734,Female,27,28,27.5,36.7,Female
1266_441_735,Male,37,34,35.5,34.6,Male
1266_469_736,Male,21,22,21.5,30.8,Male
1266_474_737,Male,21,24,22.5,29.6,Male
1266_478_738,Female,43,34,38.5,36.3,Female
1266_482_739,Female,30,33,31.5,35.2,Female
1266_489_740,Male,44,43,43.5,38.8,Male
1266_493_742,Female,37,35,36,36.6,Female
1266_497_743,Female,20,22,21,31,Female
1267_402_744,Female,23,25,24,33.8,Female
1267_420_746,Male,10,10,10,15.6,Male
1267_432_747,Male,7,8,7.5,14.7,Male
1267_433_748,Male,9,7,8,17.2,Male
1267_440_749,Male,9,7,8,15.2,Male
1267_459_750,Male,10,9,9.5,16.3,Male
1267_460_751,Female,7,7,7,14.9,Female
1268_401_752,Female,31,27,29,45.1,Female
1268_402_753,Male,25,26,25.5,35.1,Male
1268_404_754,Female,20,19,19.5,32.3,Female
1268_418_755,Female,12,12,12,16.7,Female
1268_432_756,Male,10,13,11.5,17.4,Male
1268_447_757,Male,29,30,29.5,34.6,Male
1268_484_758,Female,20,18,19,32.7,Female
1269_401_759,Female,28,26,27,32.7,Female
1270_403_760,Female,15,15,15,32.6,Female
1270_471_761,Female,27,24,25.5,32.1,Female
1271_451_762,Female,16,18,17,31,Female
1271_480_763,Male,27,26,26.5,30.9,Male
1272_500_764,Female,30,27,28.5,35.9,Female
1272_501_765,Female,44,51,47.5,58.2,Female
1273_409_766,Female,33,34,33.5,37.2,Female
1273_416_767,Male,68,58,63,53.6,Male
1273_489_769,Female,9,10,9.5,15.9,Female
1274_420_770,Male,51,48,49.5,49.4,Male
1274_421_771,Female,73,78,75.5,64.2,Female
1274_425_772,Female,52,48,50,43.7,Female
1274_439_774,Female,41,38,39.5,35.8,Female
1274_447_775,Male,21,23,22,31.8,Male
1274_453_776,Male,50,47,48.5,48.9,Male
1274_479_777,Female,30,27,28.5,24,Female
1274_481_778,Male,10,9,9.5,18.1,Male
1275_403_780,Female,35,29,32,36.4,Female
1275_404_781,Female,39,38,38.5,32.6,Female
1275_407_782,Female,32,27,29.5,35.7,Female
1275_421_783,Female,30,28,29,35.6,Female
1275_422_784,Female,38,42,40,42.9,Female
1275_426_785,Male,21,19,20,23.6,Male
1275_453_787,Female,95,93,94,63.7,Female
1275_454_788,Female,73,96,84.5,61.4,Female
1275_455_789,Female,65,60,62.5,67.8,Female
1276_410_790,Female,63,51,57,55.2,Female
1276_411_791,Female,62,51,56.5,54.7,Female
1276_412_792,Male,25,24,24.5,33.8,Male
1276_417_793,Female,40,49,44.5,43.9,Female
1276_420_794,Female,41,36,38.5,37.4,Female
1276_421_795,Female,41,37,39,47.2,Female
1276_424_796,Female,54,41,47.5,37.6,Female
1276_425_797,Male,29,32,30.5,35.6,Male
1276_426_798,Female,31,30,30.5,38.1,Female
1276_427_799,Female,38,36,37,36.5,Female
1277_404_800,Female,31,33,32,41.2,Female
1277_405_801,Female,36,29,32.5,34.8,Female
1277_409_802,Female,43,41,42,41.9,Female
1277_413_803,Female,45,42,43.5,40.9,Female
1277_414_804,Female,44,45,44.5,38.6,Female
1277_415_805,Male,30,34,32,35.2,Male
1277_421_806,Female,39,39,39,42.1,Female
1278_406_807,Male,39,38,38.5,34,Male
1278_408_808,Male,54,49,51.5,40.1,Male
1278_409_809,Male,25,29,27,36.7,Male
1278_410_810,Female,83,81,82,55.1,Female
1278_413_811,Female,39,46,42.5,42,Female
1278_414_812,Male,32,34,33,34.4,Male
1278_416_813,Male,46,37,41.5,37.1,Male
1278_417_814,Female,42,37,39.5,38.2,Female
1278_419_815,Male,37,38,37.5,36.2,Male
1278_422_816,Female,59,59,59,51.1,Female
1279_401_817,Male,25,22,23.5,31.7,Male
1279_402_818,Male,19,22,20.5,35.3,Male
1279_403_819,Male,33,37,35,34.7,Male
1279_405_820,Female,23,24,23.5,33.8,Female
1279_407_821,Female,19,21,20,29.8,Female
1279_413_822,Male,28,29,28.5,36.8,Male
1279_414_823,Female,26,24,25,32.6,Female
1279_418_824,Female,26,28,27,30.1,Female
1279_426_826,Female,50,38,44,50,Female
1279_435_827,Male,53,47,50,53,Male
1280_421_828,Female,52,44,48,48,Female
1280_427_829,Female,52,41,46.5,46.7,Female
1280_438_830,Female,54,58,56,69.4,Female
1281_418_831,Male,14,15,14.5,22.7,Male
1281_434_832,Female,60,69,64.5,68,Female
1281_475_833,Male,14,15,14.5,23,Male
1281_481_834,Male,44,40,42,52.8,Male
1281_490_835,Female,70,59,64.5,62.8,Female
1281_500_836,Female,17,17,17,23.6,Female
1282_401_837,Male,32,37,34.5,38.4,Male
1282_402_838,Male,37,38,37.5,35.4,Male
1282_404_839,Female,26,25,25.5,30.7,Female
1282_405_840,Female,34,32,33,33.6,Female
1282_412_842,Male,41,41,41,38.9,Male
1282_418_843,Male,31,30,30.5,37.8,Male
1282_421_844,Male,32,31,31.5,40,Male
1282_424_845,Female,26,28,27,35.8,Female
1282_435_848,Female,28,25,26.5,33.3,Female
1282_436_849,Male,32,29,30.5,36.1,Male
1282_445_850,Male,32,27,29.5,36.5,Male
1282_448_851,Male,32,36,34,40.7,Male
1282_449_852,Male,35,42,38.5,39.3,Male
1282_455_853,Female,63,59,61,57.4,Female
1282_463_854,Male,32,37,34.5,38,Male
1282_481_856,Male,41,34,37.5,37,Male
1282_500_859,Female,27,25,26,34.6,Female
1283_426_860,Male,9,8,8.5,15.4,Male
1283_472_861,Female,42,35,38.5,43,Female
1284_408_862,Male,45,36,40.5,43.2,Male
1284_418_863,Male,46,41,43.5,46.6,Male
1284_476_865,Male,75,57,66,45,Male
1285_415_866,Male,44,44,44,41.9,Male
1285_435_868,Female,32,32,32,41,Female
1285_437_869,Female,19,21,20,32.3,Female
1285_453_870,Female,43,39,41,42.5,Female
1288_440_873,Female,42,32,37,38.3,Female
1289_409_874,Male,79,87,83,59.7,Male
1289_410_875,Female,66,77,71.5,65.6,Female
1289_416_876,Male,50,54,52,52.7,Male
1289_417_877,Male,55,48,51.5,49.9,Male
1289_419_878,Male,15,14,14.5,20.1,Male
1289_420_879,Male,74,84,79,65.8,Male
1289_421_880,Male,75,89,82,64.2,Male
1289_422_881,Female,87,78,82.5,64.8,Female
1294_882_882,Male,54,47,50.5,46.5,Male
1294_884_884,Male,45,44,44.5,46.1,Male
1299_401_1,Male,13,16,14.5,22.4,Male
1299_402_2,Female,10,12,11,19.2,Female
1299_408_3,Male,12,11,11.5,18.9,Male
1299_410_4,Male,12,10,11,22,Male
1300_401_5,Female,7,10,8.5,18.9,Female
1300_402_6,Female,13,14,13.5,25.8,Female
1300_413_7,Male,8,8,8,17.7,Male
1300_414_8,Male,11,13,12,22,Male
1301_401_9,Male,21,20,20.5,28.3,Male
1301_402_10,Female,49,43,46,47.2,Female
1301_403_11,Female,8,7,7.5,14.7,Female
1301_404_12,Male,27,30,28.5,37.1,Male
1303_401_13,Male,18,18,18,26,Male
1303_402_14,Female,18,16,17,25.3,Female
1303_403_15,Male,15,12,13.5,21.5,Male
1303_406_16,Female,15,18,16.5,24.2,Female
1303_411_17,Female,15,16,15.5,24.7,Female
1303_413_18,Female,17,22,19.5,27.8,Female
1303_414_19,Female,22,22,22,27.5,Female
1303_416_20,Female,21,20,20.5,24.7,Female
1303_417_21,Female,22,23,22.5,27.9,Female
1304_401_22,Male,36,30,33,37.6,Male
1304_404_24,Female,32,25,28.5,35.2,Female
1306_402_25,Female,23,23,23,30.7,Female
1306_403_26,Female,22,23,22.5,29.8,Female
1306_407_27,Male,26,26,26,28.8,Male
1306_409_28,Male,22,23,22.5,23.9,Male
1306_411_29,Female,21,20,20.5,24,Female
1306_424_30,Female,18,22,20,28.6,Female
1306_426_32,Female,24,24,24,24,Female
1306_439_31,Female,17,18,17.5,27.5,Female
1306_444_34,Female,19,18,18.5,25,Female
1306_447_35,Female,16,14,15,21,Female
1306_448_36,Female,12,14,13,23,Female
1306_450_37,Female,13,12,12.5,21.5,Female
1306_455_38,Female,22,21,21.5,24.6,Female
1307_401_39,Female,29,32,30.5,33.5,Female
1307_402_40,Male,19,23,21,26.8,Male
1307_403_41,Male,17,18,17.5,25,Male
1307_404_42,Female,21,19,20,25.9,Female
1307_407_43,Female,15,18,16.5,22.9,Female
1307_411_44,Female,16,18,17,22.3,Female
1307_413_45,Female,23,24,23.5,24.8,Female
1307_419_46,Female,17,21,19,25.5,Female
1307_421_47,Female,9,11,10,23.5,Female
1307_426_48,Female,15,17,16,20.7,Female
1307_427_49,Female,17,18,17.5,24.6,Female
1307_440_51,Female,13,12,12.5,20.8,Female
1307_450_52,Female,17,17,17,23.7,Female
1308_401_53,Female,26,27,26.5,31.2,Female
1308_402_54,Male,11,16,13.5,21.8,Male
1308_403_55,Female,13,14,13.5,22.8,Female
1308_405_56,Female,12,13,12.5,20.3,Female
1308_406_57,Female,14,15,14.5,21.5,Female
1308_416_58,Female,14,15,14.5,27.4,Female
1308_417_59,Female,11,12,11.5,23,Female
1308_423_60,Male,8,7,7.5,17.8,Male
1308_424_61,Female,13,13,13,22.1,Female
1308_430_62,Female,11,10,10.5,22.2,Female
1308_441_63,Female,14,14,14,21.7,Female
1308_443_64,Female,13,10,11.5,22.2,Female
1308_447_65,Female,23,20,21.5,25.7,Female
1308_450_66,Female,16,18,17,23.5,Female
1309_401_67,Female,21,26,23.5,31.3,Female
1309_403_69,Male,20,21,20.5,26.3,Male
1309_404_70,Male,15,14,14.5,23.7,Male
1309_405_71,Female,20,21,20.5,27.6,Female
1309_407_72,Male,15,16,15.5,25.1,Male
1309_408_73,Female,15,17,16,25.3,Female
1309_412_75,Female,13,10,11.5,19.1,Female
1309_413_76,Female,16,15,15.5,21.7,Female
1309_418_78,Female,16,15,15.5,25.8,Female
1309_420_79,Female,24,26,25,30.2,Female
1309_421_80,Female,15,17,16,25,Female
1309_423_81,Female,15,14,14.5,25.6,Female
1310_401_82,Female,18,16,17,24.3,Female
1310_402_83,Female,17,15,16,24.1,Female
1310_404_85,Male,16,14,15,23.1,Male
1310_406_87,Female,12,12,12,20.9,Female
1310_407_88,Female,16,13,14.5,22.9,Female
1310_413_91,Female,13,12,12.5,22.7,Female
1310_415_92,Female,15,16,15.5,21.7,Female
1310_416_93,Female,17,18,17.5,23.7,Female
1310_419_94,Female,14,13,13.5,20.8,Female
1310_428_95,Female,11,10,10.5,23.2,Female
1311_401_96,Female,44,43,43.5,42,Female
1311_402_97,Female,33,32,32.5,35.5,Female
1311_403_98,Female,36,30,33,31.5,Female
1311_404_99,Male,24,25,24.5,30.1,Male
1311_405_100,Male,19,19,19,26.2,Male
1311_406_101,Female,9,10,9.5,18.5,Female
1311_416_103,Female,34,33,33.5,29.5,Female
1311_422_104,Male,22,27,24.5,29,Male
1311_425_105,Female,23,23,23,29.6,Female
1311_429_106,Female,26,23,24.5,29.2,Female
1311_430_107,Female,21,22,21.5,28.3,Female
1311_431_108,Female,19,18,18.5,27,Female
1312_401_109,Male,42,52,47,50.3,Male
1312_402_110,Male,37,36,36.5,37.3,Male
1313_401_111,Female,51,51,51,51.6,Female
1313_402_112,Female,30,29,29.5,41.6,Female
1313_403_113,Male,26,35,30.5,41.7,Male
1313_404_114,Male,25,25,25,31.3,Male
1314_401_115,Female,32,29,30.5,35.2,Female
1314_402_116,Female,45,44,44.5,46.4,Female
1314_403_117,Female,53,55,54,54.9,Female
1315_401_119,Male,32,42,37,40.7,Male
1315_402_120,Female,40,48,44,45.5,Female
1315_403_121,Male,37,45,41,39.8,Male
1315_405_122,Female,34,38,36,42.5,Female
1315_406_123,Female,50,54,52,48.5,Female
1315_409_124,Female,28,39,33.5,34.8,Female
1316_401_125,Female,32,44,38,41,Female
1316_402_126,Male,33,34,33.5,36.4,Male
1316_403_127,Female,28,25,26.5,30.5,Female
1316_404_128,Female,28,32,30,34.6,Female
1316_405_129,Male,27,29,28,35.6,Male
1316_407_130,Female,38,36,37,34.1,Female
1316_408_131,Female,29,34,31.5,30.7,Female
1316_410_132,Female,24,25,24.5,31,Female
1316_412_133,Female,27,25,26,32.9,Female
1316_414_134,Female,35,32,33.5,31.8,Female
1316_416_135,Female,21,22,21.5,32.5,Female
1316_419_136,Female,31,31,31,33.2,Female
1316_421_137,Female,28,30,29,30.5,Female
1316_423_138,Female,29,25,27,28.4,Female
1317_401_139,Female,31,29,30,33.5,Female
1317_402_140,Male,22,20,21,29.7,Male
1317_403_141,Male,22,23,22.5,29.8,Male
1317_406_142,Female,17,18,17.5,28.5,Female
1317_408_143,Female,16,18,17,22.3,Female
1317_420_144,Female,21,20,20.5,25.7,Female
1317_422_145,Female,18,15,16.5,23.6,Female
1317_438_147,Female,18,16,17,25.8,Female
1317_439_148,Female,28,23,25.5,36.4,Female
1317_440_149,Female,13,12,12.5,21.3,Female
1318_402_151,Female,17,20,18.5,27.2,Female
1318_403_152,Male,16,17,16.5,25,Male
1318_405_153,Male,17,19,18,25,Male
1318_407_154,Female,16,14,15,23.4,Female
1318_413_155,Female,17,18,17.5,25.7,Female
1318_420_157,Female,17,16,16.5,24.6,Female
1318_421_158,Female,16,16,16,25.5,Female
1318_422_159,Female,14,13,13.5,15.6,Female
1318_423_160,Female,11,11,11,20,Female
1318_429_161,Female,16,16,16,24.9,Female
1318_430_162,Female,13,14,13.5,22.9,Female
1318_434_163,Female,16,14,15,24.4,Female
1319_401_164,Male,28,31,29.5,38.7,Male
1319_402_165,Male,40,38,39,36.1,Male
1319_411_166,Female,26,27,26.5,32.4,Female
1319_412_167,Female,22,21,21.5,30.4,Female
1319_418_168,Female,28,28,28,37.2,Female
1319_420_169,Female,27,27,27,30.4,Female
1319_430_171,Female,25,21,23,31,Female
1319_433_172,Female,28,30,29,29.2,Female
1319_443_173,Female,21,18,19.5,29.4,Female
1319_446_174,Female,18,18,18,27.2,Female
1319_450_175,Female,21,22,21.5,28,Female
1319_456_176,Female,30,30,30,32.5,Female
1319_457_177,Female,20,24,22,27.2,Female
1320_402_178,Male,39,37,38,39.5,Male
1320_403_179,Male,35,37,36,38.8,Male
1320_405_180,Female,25,26,25.5,32.2,Female
1320_406_181,Female,24,29,26.5,31.4,Female
1320_407_182,Female,31,39,35,35.8,Female
1320_408_183,Female,27,27,27,30,Female
1320_409_184,Female,28,28,28,34.5,Female
1320_410_185,Female,25,26,25.5,31.4,Female
1320_418_186,Female,22,17,19.5,28,Female
1320_419_187,Female,23,29,26,29.7,Female
1321_401_188,Male,33,26,29.5,36.9,Male
1321_402_189,Female,28,29,28.5,37.2,Female
1321_403_190,Female,33,31,32,37.9,Female
1322_401_191,Male,32,32,32,37.7,Male
1322_402_192,Male,41,42,41.5,43.6,Male
1322_403_193,Female,38,38,38,46,Female
1322_406_194,Female,62,57,59.5,47.7,Female
1322_407_195,Female,37,42,39.5,48,Female
1323_401_196,Female,43,47,45,41.3,Female
1323_402_197,Female,37,38,37.5,44.5,Female
1323_403_198,Female,43,38,40.5,46.4,Female
1323_404_199,Male,38,37,37.5,48.5,Male
7902_1_1,Female,110,86,98,73,Female
7907_8_3,Female,81,70,75.5,69,Female
7907_10_5,Female,79,74,76.5,62,Female
7907_22_6,Female,77,89,83,61,Female
7907_24_8,Male,65,62,63.5,54,Male
7907_25_9,Female,70,84,77,61,Female
7907_29_10,Female,87,68,77.5,66,Female
7910_6_11,Female,77,80,78.5,68,Female
7910_29_13,Male,73,81,77,61,Male
7912_11_15,Male,87,71,79,68,Male
8008_5_17,Male,71,69,70,59,Male
8008_12_19,Male,65,74,69.5,55,Male
8008_97_20,Female,99,97,98,69,Female
8008_98_21,Female,72,81,76.5,72,Female
8008_99_22,Female,90,83,86.5,73,Female
8010_11_27,Male,52,53,52.5,50,Male
8010_12_28,Female,70,55,62.5,59,Female
8010_23_29,Male,71,76,73.5,61,Male
8010_28_30,Male,79,73,76,60,Male
8103_1_31,Male,68,71,69.5,70,Male
8103_2_32,Female,70,96,83,70,Female
8106_2_33,Female,76,81,78.5,67,Female
8106_15_37,Male,67,64,65.5,50,Male
8106_18_38,Male,54,54,54,47,Male
8106_21_39,Female,69,79,74,61,Female
8106_23_40,Female,88,67,77.5,63,Female
8106_27_41,Male,45,48,46.5,48,Male
8201_16_44,Male,65,61,63,55,Male
8201_18_42,Female,79,84,81.5,70,Female
8201_19_43,Female,57,53,55,65,Female
8201_21_45,Female,66,69,67.5,63,Female
8201_24_46,Male,54,52,53,50,Male
8201_25_47,Female,68,73,70.5,64,Female
8201_29_48,Female,63,56,59.5,60,Female
8202_11_49,Male,65,52,58.5,67,Male
8203_4_51,Female,67,65,66,59,Female
8203_5_52,Female,82,78,80,67,Female
8203_12_53,Female,74,75,74.5,65,Female
8203_13_54,Female,80,74,77,68,Female
8203_23_55,Male,73,72,72.5,57,Male
8203_24_56,Male,65,61,63,53,Male
8203_26_57,Male,82,79,80.5,67,Male
8203_29_58,Male,59,51,55,48,Male
8205_13_59,Female,76,65,70.5,57,Female
8205_29_61,Female,73,71,72,60,Female
8409_1_62,Male,71,65,68,61,Male
